,Image,Layout,Name
0,PillProjectDisc69/images/CLLLLUPGIX7J8MP1WWQ9WN4-CO0B5NV.CR2,C3PI_Reference,STRATTERA 10MG
1,PillProjectDisc98/images/PRNJ-AXZIQ!HUQKJJBP_DV44ST0KN9.CR2,C3PI_Reference,STRATTERA 10MG
2,PillProjectDisc10/images/79U-YY6M1UUR6F127ZMACIWPEEXHLB.JPG,C3PI_Test,STRATTERA 10MG
3,PillProjectDisc11/images/7WVFV5H74!ELFNQ_GUH92E9ERM9P2K.JPG,C3PI_Test,STRATTERA 10MG
4,PillProjectDisc20/images/B4CH0R9B7PEQ6GORRX-8XWOL-_G7W9_.JPG,C3PI_Test,STRATTERA 10MG
5,PillProjectDisc21/images/B5T5HI5XI8X2HSBJL-TGDHET4YG5C5F.JPG,C3PI_Test,STRATTERA 10MG
6,PillProjectDisc25/images/B8S621VZTSXR4Z4VRHYLTKGCQWIXETR.JPG,C3PI_Test,STRATTERA 10MG
7,PillProjectDisc28/images/BBLLJ1DZIAXWHPZA07ZCZ5!YZPLWVBA.JPG,C3PI_Test,STRATTERA 10MG
8,PillProjectDisc41/images/BNK95TSS7NYS0O7R0D3EKFZP2GTJUC1.WMV,C3PI_Test,STRATTERA 10MG
9,PillProjectDisc44/images/BR0!XO0KYHN2QNKB-R0OSVWFQF2G7X!.JPG,C3PI_Test,STRATTERA 10MG
10,PillProjectDisc46/images/BSSE1RTL_WV-P1VJTH2PFT6-RR03UAF.JPG,C3PI_Test,STRATTERA 10MG
11,PillProjectDisc66/images/CIGT5HVSPCB8CLSJIC4INJ097O-2!Q0.JPG,C3PI_Test,STRATTERA 10MG
12,PillProjectDisc6/images/35KGT-3C1H7WX3A2Q4!31-4L2TLID.JPG,C3PI_Test,STRATTERA 10MG
13,PillProjectDisc6/images/3FF0SCXQ626WA86PGXROYJ5G5YLP7H.JPG,C3PI_Test,STRATTERA 10MG
14,PillProjectDisc76/images/CRZ-PHXR3OH97ZB9IV6__ROF1US6MSN.JPG,C3PI_Test,STRATTERA 10MG
15,PillProjectDisc76/images/CS4YFI_L_-D9SKLKC!6XPP9W901CELH.JPG,C3PI_Test,STRATTERA 10MG
16,PillProjectDisc107/images/XOYMJP0D912S321KPLK8D4MKZAAZBN.PNG,MC_C3PI_REFERENCE_SEG_V1.6,STRATTERA 10MG
17,PillProjectDisc1/images/!XO4!2HPTFD7LRKK7BEITXEXP4H50Q.PNG,MC_C3PI_REFERENCE_SEG_V1.6,STRATTERA 10MG
18,PillProjectDisc32/images/BFUTE7Y_K_CQK43Y0_VO93PFOOHG7EJ.PNG,MC_C3PI_REFERENCE_SEG_V1.6,STRATTERA 10MG
19,PillProjectDisc67/images/CJBGFH-3-71!BMQW92T31YU4UBFO817.PNG,MC_C3PI_REFERENCE_SEG_V1.6,STRATTERA 10MG
20,PillProjectDisc67/images/CJJOP4ZF4YFOC2X8N75YTKBZF7RI_R7.PNG,MC_C3PI_REFERENCE_SEG_V1.6,STRATTERA 10MG
21,PillProjectDisc88/images/GKM8T_A-NPC6IVNGWT84-U0_IKT3_A.PNG,MC_C3PI_REFERENCE_SEG_V1.6,STRATTERA 10MG
22,PillProjectDisc94/images/LT_WST26QD!R65Q5O9H_CX13XYQHTT.PNG,MC_C3PI_REFERENCE_SEG_V1.6,STRATTERA 10MG
23,PillProjectDisc96/images/NQCAM9Q4T8H9TBSIDP8PNDV-F2W28N.PNG,MC_C3PI_REFERENCE_SEG_V1.6,STRATTERA 10MG
24,PillProjectDisc37/images/BKMNRTQ6_7JVE3M5_DIU81YSSX!P!HB.JPG,MC_CHALLENGE_V1.0,STRATTERA 10MG
25,PillProjectDisc52/images/BYDKBIA7YG6M92Z7WNOG9UC9H_4VFSH.JPG,MC_CHALLENGE_V1.0,STRATTERA 10MG
26,PillProjectDisc106/images/X2L8CKXHOEI90EPDF!23BUS_ML1MVM.PNG,MC_COOKED_CALIBRATED_V1.2,STRATTERA 10MG
27,PillProjectDisc28/images/BBNN_1BONHSJUULJSL42PBZ8!QJJ0MW.PNG,MC_COOKED_CALIBRATED_V1.2,STRATTERA 10MG
28,PillProjectDisc56/images/C1EZMMI9VNZ9TBSH11YGQGMD6AZAWIG.PNG,MC_COOKED_CALIBRATED_V1.2,STRATTERA 10MG
29,PillProjectDisc69/images/CLWJ2!OXX!1N33UW6QCHE7IP90T60KG.PNG,MC_COOKED_CALIBRATED_V1.2,STRATTERA 10MG
30,PillProjectDisc14/images/B!OXWD76YK16DGPDFRX8XX2WVEDA5TH.CR2,C3PI_Reference,STRATTERA CAP 25 MG
31,PillProjectDisc79/images/CUFUTUYPLAWR7KAF1069EIJH31VORQ!.CR2,C3PI_Reference,STRATTERA CAP 25 MG
32,PillProjectDisc109/images/ZE6YLGQVM5S1CK6YI_DLIDWGHZ8F8W.JPG,C3PI_Test,STRATTERA CAP 25 MG
33,PillProjectDisc10/images/6I3-4B_PW66465QR7ANNTSZN7M0NIH.JPG,C3PI_Test,STRATTERA CAP 25 MG
34,PillProjectDisc15/images/B-FYXX8OS1YRV94N!KEU3DIY595NY55.JPG,C3PI_Test,STRATTERA CAP 25 MG
35,PillProjectDisc16/images/B0QZ_Z_IQWHX4RYF81U87HJ6AKFMPOG.JPG,C3PI_Test,STRATTERA CAP 25 MG
36,PillProjectDisc22/images/B5WMYTNZQ79IIW4BJGLQ6ZC1VZRV-SR.JPG,C3PI_Test,STRATTERA CAP 25 MG
37,PillProjectDisc26/images/BA1-IOS7ANYJCE5NYAE5RL_XJVMKHG1.JPG,C3PI_Test,STRATTERA CAP 25 MG
38,PillProjectDisc28/images/BC17BXCDR9B8930M7UH5A83FJ5LX_ZI.JPG,C3PI_Test,STRATTERA CAP 25 MG
39,PillProjectDisc35/images/BIV05ACX4JMU3XO6160NJ1P_1PSUX7D.JPG,C3PI_Test,STRATTERA CAP 25 MG
40,PillProjectDisc43/images/BPUX9Q9TUHE7JWSG-0799AJKSI3_75S.JPG,C3PI_Test,STRATTERA CAP 25 MG
41,PillProjectDisc45/images/BRL3QG!YPENPS1_75-16UYPVUDXVDT-.JPG,C3PI_Test,STRATTERA CAP 25 MG
42,PillProjectDisc45/images/BR_YPSX2J5E3K-8_C-PZ52MN3GYS3YH.JPG,C3PI_Test,STRATTERA CAP 25 MG
43,PillProjectDisc46/images/BSDPRB6AA1-1RF0LE7Y5GD_R4OXFPF_.JPG,C3PI_Test,STRATTERA CAP 25 MG
44,PillProjectDisc56/images/C0XGMU4AFBNYGKF!UH8QVA3N8MN63UD.JPG,C3PI_Test,STRATTERA CAP 25 MG
45,PillProjectDisc59/images/CB_Y2300O9TEWY0L6B4SQBX!5VGSM74.JPG,C3PI_Test,STRATTERA CAP 25 MG
46,PillProjectDisc64/images/CGERHPG3LRLR0X26M43L99OKNDYR-YL.JPG,C3PI_Test,STRATTERA CAP 25 MG
47,PillProjectDisc67/images/CJE3US-DFBMYWY3F7OM9-7VK9CCO2CQ.JPG,C3PI_Test,STRATTERA CAP 25 MG
48,PillProjectDisc70/images/CMTAVC7AH84O8ZM1DLGR6TX9V8HEKDV.JPG,C3PI_Test,STRATTERA CAP 25 MG
49,PillProjectDisc74/images/CPZY_IXL-F6!55KJGT-N7Q!2-DDL9D!.JPG,C3PI_Test,STRATTERA CAP 25 MG
50,PillProjectDisc74/images/CQF062JBLEY642KHIT_ADFT_XCGMM!I.JPG,C3PI_Test,STRATTERA CAP 25 MG
51,PillProjectDisc74/images/CQ!JTXN2ALP8SNHTI0BX35XM4_S6Z!Q.JPG,C3PI_Test,STRATTERA CAP 25 MG
52,PillProjectDisc78/images/CTZ9Z5TT1QVEG21XD98K2X0Z8X9BY2F.JPG,C3PI_Test,STRATTERA CAP 25 MG
53,PillProjectDisc7/images/3ZZ19PGAED!WRX05HQQNO7BJFCID-!.JPG,C3PI_Test,STRATTERA CAP 25 MG
54,PillProjectDisc92/images/JP2JW2-9!S84G41Y0QIDQ50I9PZ111.JPG,C3PI_Test,STRATTERA CAP 25 MG
55,PillProjectDisc92/images/K6QQET!08476TI3778Y4EJ3ILMZ!CR.JPG,C3PI_Test,STRATTERA CAP 25 MG
56,PillProjectDisc93/images/L--51ECVK9OPH74ZGHF9S2RA_I7NJX.WMV,C3PI_Test,STRATTERA CAP 25 MG
57,PillProjectDisc98/images/PGW!K872SS_IKY0BRE988YNFEQ3LYG.JPG,C3PI_Test,STRATTERA CAP 25 MG
58,PillProjectDisc4/images/11AD4K-MOAK7DRFFRF-AR_X!N4WUP6.JPG,MC_API_NLMIMAGE_V1.3,STRATTERA CAP 25 MG
59,PillProjectDisc29/images/BCL_K794CQND6K98LUMHBKY_CTZO!G.JPG,MC_API_RXNAV_V1.3,STRATTERA CAP 25 MG
60,PillProjectDisc104/images/URUT8NGM3N_Y76P4OXFDNMMWA13YO2.PNG,MC_C3PI_REFERENCE_SEG_V1.6,STRATTERA CAP 25 MG
61,PillProjectDisc109/images/ZLG2P2LAMS4!MRFO6Q87U2SMDRS8IY.PNG,MC_C3PI_REFERENCE_SEG_V1.6,STRATTERA CAP 25 MG
62,PillProjectDisc26/images/B9NBMWEX06D4HV83B!TA706URSV72A-.PNG,MC_C3PI_REFERENCE_SEG_V1.6,STRATTERA CAP 25 MG
63,PillProjectDisc26/images/B9XIODPYGWDR1ZB6SC25LM7M39O8QN2.PNG,MC_C3PI_REFERENCE_SEG_V1.6,STRATTERA CAP 25 MG
64,PillProjectDisc47/images/BTR548EHCRBYR97TCA638QYF6FWQ_JF.PNG,MC_C3PI_REFERENCE_SEG_V1.6,STRATTERA CAP 25 MG
65,PillProjectDisc90/images/HZU88V7J5Z!AS4CZ2C-RUF7PM6_Z4B.PNG,MC_C3PI_REFERENCE_SEG_V1.6,STRATTERA CAP 25 MG
66,PillProjectDisc91/images/J5AA2IL87HPUDQPJLR1-JSLM8_FSVC.PNG,MC_C3PI_REFERENCE_SEG_V1.6,STRATTERA CAP 25 MG
67,PillProjectDisc97/images/OL4ZED_59QXGAVRF!3DAM_0WMK6S24.PNG,MC_C3PI_REFERENCE_SEG_V1.6,STRATTERA CAP 25 MG
68,PillProjectDisc43/images/BPJHG_K6IRN91BK5G444NFL92U9_AG5.JPG,MC_CHALLENGE_V1.0,STRATTERA CAP 25 MG
69,PillProjectDisc91/images/J372MCFJ9M8ZC2_ZRFJUSVJWR20PYY.JPG,MC_CHALLENGE_V1.0,STRATTERA CAP 25 MG
70,PillProjectDisc10/images/6MGD!1!EP_Y9ES3_LIII_2A3VX5A4-.PNG,MC_COOKED_CALIBRATED_V1.2,STRATTERA CAP 25 MG
71,PillProjectDisc76/images/CSMUS!JNQ7RV38_4!R-US!0MNUYK448.PNG,MC_COOKED_CALIBRATED_V1.2,STRATTERA CAP 25 MG
72,PillProjectDisc80/images/CVHIZ045AOO7I00OWB3H6809HW8F3P2.PNG,MC_COOKED_CALIBRATED_V1.2,STRATTERA CAP 25 MG
73,PillProjectDisc98/images/P6HOM66-IQ0-I-L62LL_JG!5UUHCU7.PNG,MC_COOKED_CALIBRATED_V1.2,STRATTERA CAP 25 MG
74,PillProjectDisc11/images/7RP8X7BEHFTJZTEPB74AQC4FX1KLSO.JPG,MC_SPL_SPLIMAGE_V3.0,STRATTERA CAP 25 MG
75,PillProjectDisc17/images/B1IGG6SBC!WXHB7PK0ZRB3M-KCIJF5Y.CR2,C3PI_Reference,STRATTERA CAP 40 MG
76,PillProjectDisc68/images/CKLJXN!_R5YFAUB1R0KGD65CJDT0KR3.CR2,C3PI_Reference,STRATTERA CAP 40 MG
77,PillProjectDisc106/images/WLHJ4ZX9QJLI-RUCMPUI5UGWASU22A.JPG,C3PI_Test,STRATTERA CAP 40 MG
78,PillProjectDisc106/images/WPU-81TFJF0LIMJJ2UW96XA9UHRKC6.JPG,C3PI_Test,STRATTERA CAP 40 MG
79,PillProjectDisc109/images/ZTMGV9WE8UBKDP70XYQ!3P_BY8YM4Q.WMV,C3PI_Test,STRATTERA CAP 40 MG
80,PillProjectDisc110/images/_IFSJ8P2C5OZ7ZK363I5CXOPX-CXC-.JPG,C3PI_Test,STRATTERA CAP 40 MG
81,PillProjectDisc16/images/B01H7J2X8MK0PP-6V16FINBQVP9H5FQ.JPG,C3PI_Test,STRATTERA CAP 40 MG
82,PillProjectDisc20/images/B3W8Y0QK631ZZNY1S84U4!UC74OO1OZ.JPG,C3PI_Test,STRATTERA CAP 40 MG
83,PillProjectDisc20/images/B4RC!VKCGAZU6Y2H-BEO18Y8_YMSA5U.JPG,C3PI_Test,STRATTERA CAP 40 MG
84,PillProjectDisc26/images/B9U!DYW6J7HIG8D5-NPFO60_JDAHQIR.JPG,C3PI_Test,STRATTERA CAP 40 MG
85,PillProjectDisc29/images/BCRLVS3BD2D6DX-M8YPOZ8I38BAECJU.JPG,C3PI_Test,STRATTERA CAP 40 MG
86,PillProjectDisc2/images/-BIC9!843SKI9AG0_1N141_286UXDP.JPG,C3PI_Test,STRATTERA CAP 40 MG
87,PillProjectDisc35/images/BINZI-PDPZ36VT4NFBE_5CNNF6N3676.JPG,C3PI_Test,STRATTERA CAP 40 MG
88,PillProjectDisc40/images/BN93L9206R!I20EPY8!VFX-KR55MBPS.JPG,C3PI_Test,STRATTERA CAP 40 MG
89,PillProjectDisc53/images/BZQ7I_GKV9GMRPSKEK9F!CDHCDRTG_0.JPG,C3PI_Test,STRATTERA CAP 40 MG
90,PillProjectDisc56/images/C1Z3F0NUH7980G2W!I39_V5N6SG!-PP.JPG,C3PI_Test,STRATTERA CAP 40 MG
91,PillProjectDisc78/images/CTUESJ5W_WU0_Q706TP674YFVMC55PU.JPG,C3PI_Test,STRATTERA CAP 40 MG
92,PillProjectDisc97/images/O8G05FI-113UE0P7UN8JXY32PJ96_T.JPG,C3PI_Test,STRATTERA CAP 40 MG
93,PillProjectDisc52/images/BYCQ3ZS5__B13QXQHTTX1!Q7K4D2IQQ.JPG,MC_API_NLMIMAGE_V1.3,STRATTERA CAP 40 MG
94,PillProjectDisc22/images/B6FQYB82CWSC2RUXBNZ_K!_KDEZLQE2.JPG,MC_API_RXNAV_V1.3,STRATTERA CAP 40 MG
95,PillProjectDisc101/images/S5DF4HDO8QWW7NHIG2OFBMJ5A8JBUE.PNG,MC_C3PI_REFERENCE_SEG_V1.6,STRATTERA CAP 40 MG
96,PillProjectDisc14/images/B!ZG99F0SARBP4_8GR3U8B6SZQRW_7V.PNG,MC_C3PI_REFERENCE_SEG_V1.6,STRATTERA CAP 40 MG
97,PillProjectDisc15/images/B-O8HAWM2OMXQ1G4FPQIEA02T!MR4K2.PNG,MC_C3PI_REFERENCE_SEG_V1.6,STRATTERA CAP 40 MG
98,PillProjectDisc22/images/B6EJCRE4RXSO672ID3B67TJRV55TE5-.PNG,MC_C3PI_REFERENCE_SEG_V1.6,STRATTERA CAP 40 MG
99,PillProjectDisc35/images/BIMS-SX093WOVOK4DEG64SNKAKDP7C.PNG,MC_C3PI_REFERENCE_SEG_V1.6,STRATTERA CAP 40 MG
100,PillProjectDisc66/images/CI9VS1UJ!9UROZ5SS7!!TD_LWLTFZC_.PNG,MC_C3PI_REFERENCE_SEG_V1.6,STRATTERA CAP 40 MG
101,PillProjectDisc74/images/CQVMYX3LAYMA65V749NYNX5P_44S3UW.PNG,MC_C3PI_REFERENCE_SEG_V1.6,STRATTERA CAP 40 MG
102,PillProjectDisc87/images/EY!UW8!G4YHUO0!R_Y5I-0-B9UG!-B.PNG,MC_C3PI_REFERENCE_SEG_V1.6,STRATTERA CAP 40 MG
103,PillProjectDisc106/images/W9WJ5DVPKN8-DARNMB53SKVF8PU!2N.JPG,MC_CHALLENGE_V1.0,STRATTERA CAP 40 MG
104,PillProjectDisc82/images/CXBHH8IVHSL4Q904G3U!BYRK9SU5S5R.JPG,MC_CHALLENGE_V1.0,STRATTERA CAP 40 MG
105,PillProjectDisc13/images/B!1DXQO5HMAAE2_0P6D48L_Y61JS0B9.PNG,MC_COOKED_CALIBRATED_V1.2,STRATTERA CAP 40 MG
106,PillProjectDisc83/images/CYBHOXBY646JHCYJ!WU9WD-D5JU9W7Q.PNG,MC_COOKED_CALIBRATED_V1.2,STRATTERA CAP 40 MG
107,PillProjectDisc83/images/CYFO018M5XUEP03-CPO55ISCAEDQ831.PNG,MC_COOKED_CALIBRATED_V1.2,STRATTERA CAP 40 MG
108,PillProjectDisc98/images/PPJ_!IIY6SSQ8FWSDA2O16WMTTI06P.PNG,MC_COOKED_CALIBRATED_V1.2,STRATTERA CAP 40 MG
109,PillProjectDisc21/images/B5H0BERYJXXQAUW13_6MVTS53DGSI4S.JPG,MC_SPL_SPLIMAGE_V3.0,STRATTERA CAP 40 MG
110,PillProjectDisc93/images/KAWGCA124XUIK0IUZYZ5IA6L3AEQJH.CR2,C3PI_Reference,CYMBALTA 20MG CAP
111,PillProjectDisc9/images/5LNKW9O!31KUKUS!E-JSZJXPRWDL!W.CR2,C3PI_Reference,CYMBALTA 20MG CAP
112,PillProjectDisc103/images/U7URT1A5H58YFJMA_G4HS!A7_N0SNY.JPG,C3PI_Test,CYMBALTA 20MG CAP
113,PillProjectDisc105/images/V_VEEX0ZMIBR-2GB!OKSIGXE3E!-SE.JPG,C3PI_Test,CYMBALTA 20MG CAP
114,PillProjectDisc106/images/WGK1UE6H7T-EARPNYO4LB09!T_VF9_.JPG,C3PI_Test,CYMBALTA 20MG CAP
115,PillProjectDisc110/images/_ARQ_E987P-IFV9T!PGX2_6YHQ5IZX.JPG,C3PI_Test,CYMBALTA 20MG CAP
116,PillProjectDisc17/images/B1SPQX455U47RY4-7YLE0P-AG73-9V3.WMV,C3PI_Test,CYMBALTA 20MG CAP
117,PillProjectDisc30/images/BDBXV-CX!ESJZD_7P8_HZ1IV!223GVC.JPG,C3PI_Test,CYMBALTA 20MG CAP
118,PillProjectDisc32/images/BFXYDR13C-_VKBLTNMO6A28P0AU9S07.JPG,C3PI_Test,CYMBALTA 20MG CAP
119,PillProjectDisc37/images/BK3PPVLDL7ENIE7PUY5BL6FL8MMC4OY.JPG,C3PI_Test,CYMBALTA 20MG CAP
120,PillProjectDisc51/images/BXY5L_AOWR0X4HI2JT8K9RNVC2NXSD7.JPG,C3PI_Test,CYMBALTA 20MG CAP
121,PillProjectDisc56/images/C1RCV6PN2!VHTS35QEW_9E0F!TG00P6.JPG,C3PI_Test,CYMBALTA 20MG CAP
122,PillProjectDisc5/images/2!L1I47YDFNP_ZSVNWN6W3-!0NWK80.JPG,C3PI_Test,CYMBALTA 20MG CAP
123,PillProjectDisc69/images/CLL_QZPJSK-TIEKZMXWP0!DL1ZGGNS-.JPG,C3PI_Test,CYMBALTA 20MG CAP
124,PillProjectDisc77/images/CT5NZDS9X0JIGFAWZO0626_YJ17VM!_.JPG,C3PI_Test,CYMBALTA 20MG CAP
125,PillProjectDisc80/images/CW6GRIQ4Z9J-NFUQ9NRY7F!2RCNXZPR.JPG,C3PI_Test,CYMBALTA 20MG CAP
126,PillProjectDisc89/images/H1!2VIFPQIDEULYOV5MAC5N97SRZ3I.JPG,C3PI_Test,CYMBALTA 20MG CAP
127,PillProjectDisc92/images/K06K5G23YPW0T806WDPFG9IHYU1QF5.JPG,C3PI_Test,CYMBALTA 20MG CAP
128,PillProjectDisc12/images/8Y1!TN3F4ONO0EMJ9XE!8-YLS_6LON.JPG,MC_API_NLMIMAGE_V1.3,CYMBALTA 20MG CAP
129,PillProjectDisc53/images/BZECRZ8_UHB4XYMGM82-MTIV7KA935H.JPG,MC_API_RXNAV_V1.3,CYMBALTA 20MG CAP
130,PillProjectDisc11/images/88T!C0J-62E_!D1DQCBOE2D_0ADKID.PNG,MC_C3PI_REFERENCE_SEG_V1.6,CYMBALTA 20MG CAP
131,PillProjectDisc30/images/BD79TO394PDYDH2Z!7NN_ZT7MXMP8G4.PNG,MC_C3PI_REFERENCE_SEG_V1.6,CYMBALTA 20MG CAP
132,PillProjectDisc33/images/BGFE-A01QCLJDTQEUWR9XP942C-5J6E.PNG,MC_C3PI_REFERENCE_SEG_V1.6,CYMBALTA 20MG CAP
133,PillProjectDisc45/images/BRSLA7I0S8QB6Y_ZVV2NTL1OMF2TS3G.PNG,MC_C3PI_REFERENCE_SEG_V1.6,CYMBALTA 20MG CAP
134,PillProjectDisc4/images/0VRHSK7D0U-MCOJNP17O5XGWN3L1NP.PNG,MC_C3PI_REFERENCE_SEG_V1.6,CYMBALTA 20MG CAP
135,PillProjectDisc51/images/BXFWKZ6EET9JQT5KRIP-_3ORKJQX5A6.PNG,MC_C3PI_REFERENCE_SEG_V1.6,CYMBALTA 20MG CAP
136,PillProjectDisc59/images/CC5_1M-KTUTD3WCFZE0WY6YG2T0PL7!.PNG,MC_C3PI_REFERENCE_SEG_V1.6,CYMBALTA 20MG CAP
137,PillProjectDisc97/images/N_VACZ6IE32GWSKTB9TZAD_KSVVVYG.PNG,MC_C3PI_REFERENCE_SEG_V1.6,CYMBALTA 20MG CAP
138,PillProjectDisc12/images/8LL0A9QTPOWC-E77KNDMUSYD6EQH-S.JPG,MC_CHALLENGE_V1.0,CYMBALTA 20MG CAP
139,PillProjectDisc48/images/BUE7-UX95YLAIHJ4!CAFBCWMIJR5JGD.JPG,MC_CHALLENGE_V1.0,CYMBALTA 20MG CAP
140,PillProjectDisc55/images/C0A2!HDND1WVC_35C2E7KU-K87BGRAH.PNG,MC_COOKED_CALIBRATED_V1.2,CYMBALTA 20MG CAP
141,PillProjectDisc81/images/CWYA1J1RH-MQ_X!PUOC!N7UX7Z5Z_5Z.PNG,MC_COOKED_CALIBRATED_V1.2,CYMBALTA 20MG CAP
142,PillProjectDisc87/images/FPXF4NJTC_IP7EP52-D1MITK4VEKOS.PNG,MC_COOKED_CALIBRATED_V1.2,CYMBALTA 20MG CAP
143,PillProjectDisc92/images/K!CP1!4Y1ASILUM55X8EK!AA25VKF8.PNG,MC_COOKED_CALIBRATED_V1.2,CYMBALTA 20MG CAP
144,PillProjectDisc61/images/CDY4BN6-M!8ECQ7KK9QL1TA_CN-OHKR.JPG,MC_SPL_SPLIMAGE_V3.0,CYMBALTA 20MG CAP
145,PillProjectDisc26/images/B9_KZ-5JHKC!ACBWDTPB-3PA35K4JZX.CR2,C3PI_Reference,STRATTERA CAP 18 MG
146,PillProjectDisc93/images/KY8H_ZB91AY1J8Y_V6TLUO8SZE4WT4.CR2,C3PI_Reference,STRATTERA CAP 18 MG
147,PillProjectDisc10/images/6MYHFWXWAB96ZP5_MRXNHX-0P_3JO0.JPG,C3PI_Test,STRATTERA CAP 18 MG
148,PillProjectDisc23/images/B6TGP-K_6_AGE0LY5AOY581-UT715T3.JPG,C3PI_Test,STRATTERA CAP 18 MG
149,PillProjectDisc2/images/-8BLK8-53HAEI0QNEI2L_UQKAXEJ_7.JPG,C3PI_Test,STRATTERA CAP 18 MG
150,PillProjectDisc2/images/-CYJI2!27!DZ9MOE83-5K-54DDSKRY.JPG,C3PI_Test,STRATTERA CAP 18 MG
151,PillProjectDisc41/images/BNWIS3VL!VRL!_5F9PJL17TUF3IFPLU.JPG,C3PI_Test,STRATTERA CAP 18 MG
152,PillProjectDisc47/images/BT9-0-K6JRJ9E6-SDC2JB-SNICCZZ8G.JPG,C3PI_Test,STRATTERA CAP 18 MG
153,PillProjectDisc53/images/BZ5-8OIRQZK!!SM!WM2Z3M1M3CXUPJ0.JPG,C3PI_Test,STRATTERA CAP 18 MG
154,PillProjectDisc65/images/CI!8A2!KIV7LHVEGYDNCB38OUW4HIA8.JPG,C3PI_Test,STRATTERA CAP 18 MG
155,PillProjectDisc66/images/CILC4L6OREFAEQA7UL0HZCDCLFWKZEX.JPG,C3PI_Test,STRATTERA CAP 18 MG
156,PillProjectDisc68/images/CKQDB5V0_4FXLEIJOR_MO7ZNN5M!1K5.JPG,C3PI_Test,STRATTERA CAP 18 MG
157,PillProjectDisc76/images/CRX129ZI8QJTHRVKWNC0ZJ72335OPXD.JPG,C3PI_Test,STRATTERA CAP 18 MG
158,PillProjectDisc78/images/CT_XXTRWHXVUD8OJA73FZOU2!707LBV.JPG,C3PI_Test,STRATTERA CAP 18 MG
159,PillProjectDisc81/images/CWO8THXJC1AU46_B!6D0KYGPG8W0FI6.WMV,C3PI_Test,STRATTERA CAP 18 MG
160,PillProjectDisc81/images/CWTC-VDRSINZLKFQA828WBHYE!C7HPG.JPG,C3PI_Test,STRATTERA CAP 18 MG
161,PillProjectDisc85/images/CZYTFHR1AR8Z0RF17CROQIIUM-GCMTQ.JPG,C3PI_Test,STRATTERA CAP 18 MG
162,PillProjectDisc92/images/JE8U__43_4PGL30!ZUY8NFSCS9DGF6.JPG,C3PI_Test,STRATTERA CAP 18 MG
163,PillProjectDisc79/images/CUN!8BC158Q1!!NZ1ALRNV0FT033T3G.JPG,MC_API_NLMIMAGE_V1.3,STRATTERA CAP 18 MG
164,PillProjectDisc19/images/B3J-LY-SD4MVNDWI!H_CEM5GGEIITGR.JPG,MC_API_RXNAV_V1.3,STRATTERA CAP 18 MG
165,PillProjectDisc102/images/SU52Q-O-CTLU_LHSG5ZD86T2T!GYZ5.PNG,MC_C3PI_REFERENCE_SEG_V1.6,STRATTERA CAP 18 MG
166,PillProjectDisc16/images/B0N0V_X5SMK!BT89!PBT1WCZK0!XTDO.PNG,MC_C3PI_REFERENCE_SEG_V1.6,STRATTERA CAP 18 MG
167,PillProjectDisc19/images/B30V6YUMM3J3CT1X!SLG2AQ-UAD33D4.PNG,MC_C3PI_REFERENCE_SEG_V1.6,STRATTERA CAP 18 MG
168,PillProjectDisc41/images/BO5Y9UVY1LP!O1QKCBXFKX9164HKQG5.PNG,MC_C3PI_REFERENCE_SEG_V1.6,STRATTERA CAP 18 MG
169,PillProjectDisc43/images/BP_5GCI54QJEA___N6CCIZGAX9P-DNE.PNG,MC_C3PI_REFERENCE_SEG_V1.6,STRATTERA CAP 18 MG
170,PillProjectDisc4/images/0_F-A2WK6H5!VH4LQTRH4YRQ2DY-N8.PNG,MC_C3PI_REFERENCE_SEG_V1.6,STRATTERA CAP 18 MG
171,PillProjectDisc81/images/CX!M_43AS0MFUJIF9DV200IK9XAWCEY.PNG,MC_C3PI_REFERENCE_SEG_V1.6,STRATTERA CAP 18 MG
172,PillProjectDisc87/images/FH_6PYYYKS1OBY!S_VIHXX-QD6B088.PNG,MC_C3PI_REFERENCE_SEG_V1.6,STRATTERA CAP 18 MG
173,PillProjectDisc27/images/BAW7MVDATQZJSPKO-DZI0H3-17GX85O.JPG,MC_CHALLENGE_V1.0,STRATTERA CAP 18 MG
174,PillProjectDisc28/images/BBLN8M_AV-O_GYX7YULLWGW1-AHS2H6.JPG,MC_CHALLENGE_V1.0,STRATTERA CAP 18 MG
175,PillProjectDisc13/images/9I7KTIRHMIKWPXAGNP74!11RC9J!WQ.PNG,MC_COOKED_CALIBRATED_V1.2,STRATTERA CAP 18 MG
176,PillProjectDisc33/images/BG5JDR2CA_6A0EQEIA8KTM-4S49153X.PNG,MC_COOKED_CALIBRATED_V1.2,STRATTERA CAP 18 MG
177,PillProjectDisc43/images/BPNNZD75ACCZ6EBPVFG5F94XHE_OB7F.PNG,MC_COOKED_CALIBRATED_V1.2,STRATTERA CAP 18 MG
178,PillProjectDisc52/images/BYZKYCUQ2CTE3GBE3VNGDNHBO2ZR-QP.PNG,MC_COOKED_CALIBRATED_V1.2,STRATTERA CAP 18 MG
179,PillProjectDisc89/images/HKKE5I69MVY4MOKPCRAC4E0HA0Z0WE.JPG,MC_SPL_SPLIMAGE_V3.0,STRATTERA CAP 18 MG
180,PillProjectDisc15/images/B-DIYCYWNF6DAODB2PALD23MM1KLAC5.CR2,C3PI_Reference,STRATTERA CAP 60 MG
181,PillProjectDisc97/images/NXCJOCVIQNJKNZQCWB53ZJBBH_IS1W.CR2,C3PI_Reference,STRATTERA CAP 60 MG
182,PillProjectDisc11/images/7_5U7ANLKKODV9IEFUMZR4R9RUQI2_.JPG,C3PI_Test,STRATTERA CAP 60 MG
183,PillProjectDisc19/images/B2YP7PV2V8UNZJ0F_JHV6LSQAPI3TVE.JPG,C3PI_Test,STRATTERA CAP 60 MG
184,PillProjectDisc24/images/B7YN3XKLG5C!J1KJHFCB30UHA!WCFFH.WMV,C3PI_Test,STRATTERA CAP 60 MG
185,PillProjectDisc36/images/BJ7ICW9MJ3886LWBUVSUEK1VXKX-UVA.JPG,C3PI_Test,STRATTERA CAP 60 MG
186,PillProjectDisc40/images/BNH0_FQ-T4G9AL_H45VENPU7LK-!GH_.JPG,C3PI_Test,STRATTERA CAP 60 MG
187,PillProjectDisc41/images/BOAK4AHLUQXA29W5IXY1LJJYKCAPISA.JPG,C3PI_Test,STRATTERA CAP 60 MG
188,PillProjectDisc41/images/BO!AKL7CJCXT2IRI2LBWQH4UJMMPC-8.JPG,C3PI_Test,STRATTERA CAP 60 MG
189,PillProjectDisc48/images/BV-VZAAOVGF0MQAZ5A-WR2LEL7TP3GW.JPG,C3PI_Test,STRATTERA CAP 60 MG
190,PillProjectDisc52/images/BY-IUU_27_Z8GMAFWRRFRATQ6M7CAFJ.JPG,C3PI_Test,STRATTERA CAP 60 MG
191,PillProjectDisc53/images/BZL1KBLQGQ632A9I!VSEDPVMMWIF4TX.JPG,C3PI_Test,STRATTERA CAP 60 MG
192,PillProjectDisc54/images/B_LOHRSL2KP8KADKXE-QQN6!W-G9COY.JPG,C3PI_Test,STRATTERA CAP 60 MG
193,PillProjectDisc54/images/BZ_QO5PPK9GN_WKS4E!S6UOOIRMY79!.JPG,C3PI_Test,STRATTERA CAP 60 MG
194,PillProjectDisc57/images/CAOR63HWKK3_TA810FYETZQGH!_5P7P.JPG,C3PI_Test,STRATTERA CAP 60 MG
195,PillProjectDisc79/images/CUH_!VED5-VX92YBA_YCSFS43R20TAE.JPG,C3PI_Test,STRATTERA CAP 60 MG
196,PillProjectDisc90/images/I2!9NU484UKCT4K12PX1J9ZXQT7K5O.JPG,C3PI_Test,STRATTERA CAP 60 MG
197,PillProjectDisc98/images/OSJI24DOGHOL4-0UY5JR9MWDW0N5ON.JPG,C3PI_Test,STRATTERA CAP 60 MG
198,PillProjectDisc13/images/9WB!9BEHDJRB0HJ691IB2CAHS-MFDY.JPG,MC_API_NLMIMAGE_V1.3,STRATTERA CAP 60 MG
199,PillProjectDisc18/images/B2LJA-QJL4WMRTKRHCBEVT074VK7NWF.JPG,MC_API_RXNAV_V1.3,STRATTERA CAP 60 MG
200,PillProjectDisc100/images/QW341-_AZB0P_36OIW7!BP!!RK2NVX.PNG,MC_C3PI_REFERENCE_SEG_V1.6,STRATTERA CAP 60 MG
201,PillProjectDisc105/images/VJ4WRJUB29FPYPDEFX2!6ORC4EE7NN.PNG,MC_C3PI_REFERENCE_SEG_V1.6,STRATTERA CAP 60 MG
202,PillProjectDisc3/images/041YOMODOBF1Y03J20DSMFM8AZ1J6R.PNG,MC_C3PI_REFERENCE_SEG_V1.6,STRATTERA CAP 60 MG
203,PillProjectDisc48/images/BUQ9-5EJHC_6X6SVPSNF0KUWBSWV7C8.PNG,MC_C3PI_REFERENCE_SEG_V1.6,STRATTERA CAP 60 MG
204,PillProjectDisc55/images/C0QU7RB6SZ4Q2DPIT2TUDB8E_JCVTTS.PNG,MC_C3PI_REFERENCE_SEG_V1.6,STRATTERA CAP 60 MG
205,PillProjectDisc78/images/CTR2A8R0FVQRJA_2M_I8G4079VZQYSJ.PNG,MC_C3PI_REFERENCE_SEG_V1.6,STRATTERA CAP 60 MG
206,PillProjectDisc78/images/CU8ENJ2L6XMJX6YDADPCC__6MTELICL.PNG,MC_C3PI_REFERENCE_SEG_V1.6,STRATTERA CAP 60 MG
207,PillProjectDisc97/images/N_LM9LV35VIECH2VIPDJ!YF4B_P!!R.PNG,MC_C3PI_REFERENCE_SEG_V1.6,STRATTERA CAP 60 MG
208,PillProjectDisc16/images/B0S!Y9V2RF6O-4DKUSZ4U11GDZTAFK7.JPG,MC_CHALLENGE_V1.0,STRATTERA CAP 60 MG
209,PillProjectDisc65/images/CHF2MA2_-Q1V1RZ3TX48HX-QCBHL8XP.JPG,MC_CHALLENGE_V1.0,STRATTERA CAP 60 MG
210,PillProjectDisc10/images/6VW8FVD53DO3PVLG3!S36YREZ56OY4.PNG,MC_COOKED_CALIBRATED_V1.2,STRATTERA CAP 60 MG
211,PillProjectDisc29/images/BD!O-PF1SKULLENZU1IAVMRMWCK37L1.PNG,MC_COOKED_CALIBRATED_V1.2,STRATTERA CAP 60 MG
212,PillProjectDisc35/images/BI4MWUDX-SA7D!ED20R!HN91N1D5W3K.PNG,MC_COOKED_CALIBRATED_V1.2,STRATTERA CAP 60 MG
213,PillProjectDisc54/images/B_NSG770QWUA_VM2B65KEQE62BN!VX.PNG,MC_COOKED_CALIBRATED_V1.2,STRATTERA CAP 60 MG
214,PillProjectDisc34/images/BH1O-2CV3TPHTRVXF_DE696KZKEV-IO.JPG,MC_SPL_SPLIMAGE_V3.0,STRATTERA CAP 60 MG
215,PillProjectDisc11/images/7JJXZWWBOL3Q2YTX78BK4IPERT4C69.CR2,C3PI_Reference,CYMBALTA 30MG CAP
216,PillProjectDisc84/images/CZ4FA5UC!C62B3N4F67427KF9EHA2E8.CR2,C3PI_Reference,CYMBALTA 30MG CAP
217,PillProjectDisc109/images/ZXMF_PD3FMH1164RYW0B8AP!0H8VXQ.JPG,C3PI_Test,CYMBALTA 30MG CAP
218,PillProjectDisc16/images/B03VPZ46WAIHW7CFH6FBVEUSI8GEXFK.JPG,C3PI_Test,CYMBALTA 30MG CAP
219,PillProjectDisc17/images/B1ZEV_ZLK!76VL9N6!Y3D2G70NOECMX.JPG,C3PI_Test,CYMBALTA 30MG CAP
220,PillProjectDisc18/images/B2TPLUWCCJ551KSLI__4ITKM3B6_R4M.JPG,C3PI_Test,CYMBALTA 30MG CAP
221,PillProjectDisc24/images/B8I9__IM_6QZG56QA-UAFAPWL-JE-H1.JPG,C3PI_Test,CYMBALTA 30MG CAP
222,PillProjectDisc28/images/BBIGZNTK7P2VYU8NZAZD5HM8-BF0PZ6.JPG,C3PI_Test,CYMBALTA 30MG CAP
223,PillProjectDisc28/images/BBKDQDEWY0OJDOEYGPWMDG8BNI!GV4K.WMV,C3PI_Test,CYMBALTA 30MG CAP
224,PillProjectDisc28/images/BC8HXI1Y0TMZ29VP0!9UA!1VNJKTCWQ.JPG,C3PI_Test,CYMBALTA 30MG CAP
225,PillProjectDisc34/images/BHGUS8Z44L11VG8UMP22FQZ48DCXMY.JPG,C3PI_Test,CYMBALTA 30MG CAP
226,PillProjectDisc45/images/BS36OUGJO1CYOKRIQ6TQM1SSH64HZMG.JPG,C3PI_Test,CYMBALTA 30MG CAP
227,PillProjectDisc49/images/BVRL9I!IV8WT7GGEYGI4DF-G_MBWUHD.JPG,C3PI_Test,CYMBALTA 30MG CAP
228,PillProjectDisc55/images/C0E9NO1J3SK_BOYY60!TWMH__WV0XKJ.JPG,C3PI_Test,CYMBALTA 30MG CAP
229,PillProjectDisc59/images/CCBJ3F!0JSRADG3W6MXN6T8UP8FTWMI.JPG,C3PI_Test,CYMBALTA 30MG CAP
230,PillProjectDisc64/images/CGQG_3!!3QDBMYXU-3ODDSBO5IWHOJG.JPG,C3PI_Test,CYMBALTA 30MG CAP
231,PillProjectDisc69/images/CLQ-UUL-JHZ9QUNSBMD01534FSKUN9M.JPG,C3PI_Test,CYMBALTA 30MG CAP
232,PillProjectDisc74/images/CQFKEKHASM-XGND7VX0C4ZAWGDVPQQ_.JPG,C3PI_Test,CYMBALTA 30MG CAP
233,PillProjectDisc87/images/F5PBMSMYVD8CYNMI0!1QDXZRL3BO8Z.JPG,C3PI_Test,CYMBALTA 30MG CAP
234,PillProjectDisc88/images/FV6E1X2H70K5B9UZ1Z1_8UPZ3G-XS2.JPG,C3PI_Test,CYMBALTA 30MG CAP
235,PillProjectDisc71/images/CNMQHO-WLZ906IVPUX0I4GZETN2ZXNQ.JPG,MC_API_NLMIMAGE_V1.3,CYMBALTA 30MG CAP
236,PillProjectDisc97/images/OP!76Z0BV!RITTLLW8UJUQLCW2BU7.JPG,MC_API_RXNAV_V1.3,CYMBALTA 30MG CAP
237,PillProjectDisc104/images/UG2B6SOXGCYH40DFA9Q5G0!3GW!8UI.PNG,MC_C3PI_REFERENCE_SEG_V1.6,CYMBALTA 30MG CAP
238,PillProjectDisc13/images/9LXJZEIHBH65WQDWYWCY7TRKETB20H.PNG,MC_C3PI_REFERENCE_SEG_V1.6,CYMBALTA 30MG CAP
239,PillProjectDisc16/images/B0F!4__TX2N9LKHLDJV-6E5OLCXY3DU.PNG,MC_C3PI_REFERENCE_SEG_V1.6,CYMBALTA 30MG CAP
240,PillProjectDisc37/images/BKM0J4CC0G2!ETMX4TB5A273VHZIYST.PNG,MC_C3PI_REFERENCE_SEG_V1.6,CYMBALTA 30MG CAP
241,PillProjectDisc58/images/CBT1OWU09OYGNTPW5PQ3BV!5V6-ZG1T.PNG,MC_C3PI_REFERENCE_SEG_V1.6,CYMBALTA 30MG CAP
242,PillProjectDisc59/images/CCL-HLWAMU3PGL9GQNV9CMCEMCDRW03.PNG,MC_C3PI_REFERENCE_SEG_V1.6,CYMBALTA 30MG CAP
243,PillProjectDisc91/images/J8MS21Q4JFZ_VCIG9FZG4IMUSQIKNL.PNG,MC_C3PI_REFERENCE_SEG_V1.6,CYMBALTA 30MG CAP
244,PillProjectDisc93/images/KV5H8MCF-NJJIRYF!ZX!IQSKSXC-PF.PNG,MC_C3PI_REFERENCE_SEG_V1.6,CYMBALTA 30MG CAP
245,PillProjectDisc44/images/BR68IW9SWHRFU8DZXBCF77ZK9UHGE3I.JPG,MC_CHALLENGE_V1.0,CYMBALTA 30MG CAP
246,PillProjectDisc57/images/CAFFVCRQ76IT1M!KTXTWS-BJFVJZ3Q.JPG,MC_CHALLENGE_V1.0,CYMBALTA 30MG CAP
247,PillProjectDisc10/images/6S8HKONRY85W51F4U16QM7XSAF3I-D.PNG,MC_COOKED_CALIBRATED_V1.2,CYMBALTA 30MG CAP
248,PillProjectDisc73/images/COW8T9K9KAISHTQCT7IRK5B-15DVRIH.PNG,MC_COOKED_CALIBRATED_V1.2,CYMBALTA 30MG CAP
249,PillProjectDisc84/images/CZB5MJDK9-VXYGB3!BB655NV4VILFR3.PNG,MC_COOKED_CALIBRATED_V1.2,CYMBALTA 30MG CAP
250,PillProjectDisc90/images/I2ZLRZBFNOSRHBD4PMO00KXKA6!FTE.PNG,MC_COOKED_CALIBRATED_V1.2,CYMBALTA 30MG CAP
251,PillProjectDisc63/images/CFWJCZ3KYUZL8-N_M3EVKRH10WLVQA5.JPG,MC_SPL_SPLIMAGE_V3.0,CYMBALTA 30MG CAP
252,PillProjectDisc20/images/B4J9CMAYQ21FJSJ0FW!!BZERZ4-PE9W.CR2,C3PI_Reference,STRATTERA CAP 80 MG
253,PillProjectDisc80/images/CVFHTQ1OH4ZDLJKTJ_15VCHBUEE-1JU.CR2,C3PI_Reference,STRATTERA CAP 80 MG
254,PillProjectDisc108/images/YBMUBOW!R9A_L6DAHR_BFJHZZVC1C0.JPG,C3PI_Test,STRATTERA CAP 80 MG
255,PillProjectDisc13/images/9_KKSUTJTJXL5UO4_-Z6F3H51RIRO4.JPG,C3PI_Test,STRATTERA CAP 80 MG
256,PillProjectDisc25/images/B9731HKTXW5O_7O1AGIZDTND8X0YBY-.JPG,C3PI_Test,STRATTERA CAP 80 MG
257,PillProjectDisc27/images/BB3BEA-7WBU3SZWUR08--2C8MC5BULN.WMV,C3PI_Test,STRATTERA CAP 80 MG
258,PillProjectDisc28/images/BC9O2Z9-D2HB-YU40_I-W7YLO5YM4XM.JPG,C3PI_Test,STRATTERA CAP 80 MG
259,PillProjectDisc31/images/BE78F976-Q3A4O1LHT3_7KE0!0LOW!X.JPG,C3PI_Test,STRATTERA CAP 80 MG
260,PillProjectDisc58/images/CBS6RW44V7A1E!OHM8-JASO476SSAG!.JPG,C3PI_Test,STRATTERA CAP 80 MG
261,PillProjectDisc59/images/CCEOJFHNRSXFBXVY7C9W87!P5KIID9I.JPG,C3PI_Test,STRATTERA CAP 80 MG
262,PillProjectDisc68/images/CKA-TRAX-LLYK6Z65T4JWKJMGPUD730.JPG,C3PI_Test,STRATTERA CAP 80 MG
263,PillProjectDisc69/images/CLJFY6RNU!V9T6XC1Y0SHWNLFC54KWE.JPG,C3PI_Test,STRATTERA CAP 80 MG
264,PillProjectDisc80/images/CVVEGGRLTGKV1RW!R8AAFBFU7Y17RRV.JPG,C3PI_Test,STRATTERA CAP 80 MG
265,PillProjectDisc82/images/CX4D0KN1HW_OTY!2_FV-EYTBMWERRH8.JPG,C3PI_Test,STRATTERA CAP 80 MG
266,PillProjectDisc88/images/FZ4FYUQ-901QPUE_IQSZXGPJ3KDC6E.JPG,C3PI_Test,STRATTERA CAP 80 MG
267,PillProjectDisc88/images/GO4-AN3E8KAZ-X8_CGU3X33MDNXF-3.JPG,C3PI_Test,STRATTERA CAP 80 MG
268,PillProjectDisc8/images/576W!MTCQ1JR7!C-8NRCZP-9671C1H.JPG,C3PI_Test,STRATTERA CAP 80 MG
269,PillProjectDisc91/images/IZVDV5Z-AHVCWCVWXY!4J6TRFNR6U_.JPG,C3PI_Test,STRATTERA CAP 80 MG
270,PillProjectDisc91/images/J65SEG4MNI4JRZN1L4XXQMKCL802U.JPG,C3PI_Test,STRATTERA CAP 80 MG
271,PillProjectDisc91/images/JBGLJQ58Y5GM_9SUG9725MJB0F1H7Z.JPG,C3PI_Test,STRATTERA CAP 80 MG
272,PillProjectDisc43/images/BPEQ3GEHNL622PXH9!P2_T8442RINGW.JPG,MC_API_NLMIMAGE_V1.3,STRATTERA CAP 80 MG
273,PillProjectDisc72/images/COF6ZOZRY825H0-KM4D!6R9-CXLIMMF.JPG,MC_API_RXNAV_V1.3,STRATTERA CAP 80 MG
274,PillProjectDisc104/images/UXJIV8TA16ABJ56PR1GMCSTCDGWO6.PNG,MC_C3PI_REFERENCE_SEG_V1.6,STRATTERA CAP 80 MG
275,PillProjectDisc108/images/YFB7S__FKQA!!WFFIDKQ_W8C_UQCI7.PNG,MC_C3PI_REFERENCE_SEG_V1.6,STRATTERA CAP 80 MG
276,PillProjectDisc37/images/BKNU765ZJZFXB4T8NE80YO8DDF-Q3UA.PNG,MC_C3PI_REFERENCE_SEG_V1.6,STRATTERA CAP 80 MG
277,PillProjectDisc40/images/BN0G7H!_SHJZBNIJ5OG-H2JHMDQODWW.PNG,MC_C3PI_REFERENCE_SEG_V1.6,STRATTERA CAP 80 MG
278,PillProjectDisc41/images/BNJT-5261RSR!-QLW9F8A_-BQO!TOXN.PNG,MC_C3PI_REFERENCE_SEG_V1.6,STRATTERA CAP 80 MG
279,PillProjectDisc4/images/0YG2OM2BMZB-_GHZB!JAGHNNR_9J1I.PNG,MC_C3PI_REFERENCE_SEG_V1.6,STRATTERA CAP 80 MG
280,PillProjectDisc64/images/CGPJ-JK_19QL75WGGMBLQZ349DW!JE1.PNG,MC_C3PI_REFERENCE_SEG_V1.6,STRATTERA CAP 80 MG
281,PillProjectDisc70/images/CMTCHV7PB_DOIIAA39P-PI9-VRWD7GK.PNG,MC_C3PI_REFERENCE_SEG_V1.6,STRATTERA CAP 80 MG
282,PillProjectDisc26/images/BA4!2HLRJX4CXD2!IEC9EG12Y6WY1HE.JPG,MC_CHALLENGE_V1.0,STRATTERA CAP 80 MG
283,PillProjectDisc38/images/BLJO0_!9675_3OC0Q5RLFG61YE-E!F.JPG,MC_CHALLENGE_V1.0,STRATTERA CAP 80 MG
284,PillProjectDisc11/images/7TUZYQY5VK55R8YXHFDAF2!-_QQH4U.PNG,MC_COOKED_CALIBRATED_V1.2,STRATTERA CAP 80 MG
285,PillProjectDisc11/images/87NSMPO1TG2FOA9E7770MOHKPC!RFN.PNG,MC_COOKED_CALIBRATED_V1.2,STRATTERA CAP 80 MG
286,PillProjectDisc3/images/0A25ZM2R_JK46RY5UCD9W_CPGYTSUV.PNG,MC_COOKED_CALIBRATED_V1.2,STRATTERA CAP 80 MG
287,PillProjectDisc90/images/I0IMRJ-9!C4BBN0C3POHPRHP-TOFUN.PNG,MC_COOKED_CALIBRATED_V1.2,STRATTERA CAP 80 MG
288,PillProjectDisc107/images/XS6Z0TQ07C7P5PDZBJF0G0G1W7Z!PS.JPG,MC_SPL_SPLIMAGE_V3.0,STRATTERA CAP 80 MG
289,PillProjectDisc103/images/U79EZ2JPQ-P2NJ2-TECLF7!MWJY1AU.CR2,C3PI_Reference,STRATTERA CAP 100 MG
290,PillProjectDisc61/images/CE1Q2I0_V2TL6B7FVGSV4B9-_82GB!O.CR2,C3PI_Reference,STRATTERA CAP 100 MG
291,PillProjectDisc100/images/R9I01TKWHMUN-3FYKJC8HR6-4TWWJG.JPG,C3PI_Test,STRATTERA CAP 100 MG
292,PillProjectDisc102/images/SRWU_F3Z088KVB4QZ4XMC_SMD5HJP0.JPG,C3PI_Test,STRATTERA CAP 100 MG
293,PillProjectDisc103/images/TKW9IKY8-2HPRXK3FKW8P5Z67BXPGR.JPG,C3PI_Test,STRATTERA CAP 100 MG
294,PillProjectDisc103/images/U-G8_H7ZYHO64XEEZ_0-F02AGMINCK.JPG,C3PI_Test,STRATTERA CAP 100 MG
295,PillProjectDisc105/images/VH_Z6KGBZ6-U-!991WKU-92704SWO2.JPG,C3PI_Test,STRATTERA CAP 100 MG
296,PillProjectDisc107/images/X95NXDVKMX26ZBRVWHMDCVFWWJCSQR.JPG,C3PI_Test,STRATTERA CAP 100 MG
297,PillProjectDisc30/images/BE37PA3M1D_NHZ4!YV_57HGTT2SEJ6P.JPG,C3PI_Test,STRATTERA CAP 100 MG
298,PillProjectDisc37/images/BJ_IMBZRXSV3IBXG!RYBSGIC2W02QOX.JPG,C3PI_Test,STRATTERA CAP 100 MG
299,PillProjectDisc41/images/BN_1CALRNOA!MCQ0I-VHT934ZQR_V-O.JPG,C3PI_Test,STRATTERA CAP 100 MG
300,PillProjectDisc60/images/CD4VOCQSU36RU7MYIJ_BHDS2YZ0T26U.JPG,C3PI_Test,STRATTERA CAP 100 MG
301,PillProjectDisc76/images/CSKBKFKK4U6P8E3SLCU6WVZXCZ6LOSW.JPG,C3PI_Test,STRATTERA CAP 100 MG
302,PillProjectDisc81/images/CWBXV5VHB8GGMOFWG6FGZGOM_IN_A59.JPG,C3PI_Test,STRATTERA CAP 100 MG
303,PillProjectDisc84/images/CZJYO0FS3_CEVBQ!UVARR09YLXY18!7.JPG,C3PI_Test,STRATTERA CAP 100 MG
304,PillProjectDisc84/images/CZU3B2B3_Z1RMT0RO769_KOG1SDU!!1.JPG,C3PI_Test,STRATTERA CAP 100 MG
305,PillProjectDisc97/images/OAFGONSPMFQOOZJ!8GEARSSHQQ3R6V.JPG,C3PI_Test,STRATTERA CAP 100 MG
306,PillProjectDisc98/images/PJ5_TPCTXIJH4-Y0Y72CFN!C4BR_JV.WMV,C3PI_Test,STRATTERA CAP 100 MG
307,PillProjectDisc34/images/BHXDW1XAXAZ49Z1QDX-CJ8EEVFJO-5D.JPG,MC_API_NLMIMAGE_V1.3,STRATTERA CAP 100 MG
308,PillProjectDisc88/images/FYAC7_YMRQQKN7K1BOKUT2BT1A7G7W.JPG,MC_API_RXNAV_V1.3,STRATTERA CAP 100 MG
309,PillProjectDisc100/images/RLTEE4SMZ7OMC990AYKPDSCMUW8IJ_.PNG,MC_C3PI_REFERENCE_SEG_V1.6,STRATTERA CAP 100 MG
310,PillProjectDisc109/images/ZLNK1_F7D6EOPTLQBZIZA!F3K0O-V4.PNG,MC_C3PI_REFERENCE_SEG_V1.6,STRATTERA CAP 100 MG
311,PillProjectDisc21/images/B5SFUL0YKU5MN0AS_LHZT75Q_TLEAOT.PNG,MC_C3PI_REFERENCE_SEG_V1.6,STRATTERA CAP 100 MG
312,PillProjectDisc30/images/BDKET-Z9525UAIRCEYPYCB531COJZYK.PNG,MC_C3PI_REFERENCE_SEG_V1.6,STRATTERA CAP 100 MG
313,PillProjectDisc36/images/BJ1SNOOU-JV-QUAKRPE1Q4_YT4HF2NL.PNG,MC_C3PI_REFERENCE_SEG_V1.6,STRATTERA CAP 100 MG
314,PillProjectDisc48/images/BUS_Y7RAPJOCZV!0SISRUB125320CLT.PNG,MC_C3PI_REFERENCE_SEG_V1.6,STRATTERA CAP 100 MG
315,PillProjectDisc57/images/CADVZTHGARGDNVJFAAUK0EVDPAXK7O0.PNG,MC_C3PI_REFERENCE_SEG_V1.6,STRATTERA CAP 100 MG
316,PillProjectDisc80/images/CVF0-S!1!_5E988TDW3RYT-U-NAU6O7.PNG,MC_C3PI_REFERENCE_SEG_V1.6,STRATTERA CAP 100 MG
317,PillProjectDisc102/images/TEFMMBHUNS-95!CV7S8DY34PO5RY!B.JPG,MC_CHALLENGE_V1.0,STRATTERA CAP 100 MG
318,PillProjectDisc72/images/CO11NC6GH9WNK2_IEY4BJ4TZL3GAZ4Y.JPG,MC_CHALLENGE_V1.0,STRATTERA CAP 100 MG
319,PillProjectDisc18/images/B2ATRXG32IOR_QJZB92QP6JYPRX8!KF.PNG,MC_COOKED_CALIBRATED_V1.2,STRATTERA CAP 100 MG
320,PillProjectDisc51/images/BXJD-ONLEX!EO3AT2_40-W7Z6SDKETW.PNG,MC_COOKED_CALIBRATED_V1.2,STRATTERA CAP 100 MG
321,PillProjectDisc92/images/JJFOQ0AJ6Z2V3C3FTAE7AE_80-6E2D.PNG,MC_COOKED_CALIBRATED_V1.2,STRATTERA CAP 100 MG
322,PillProjectDisc96/images/NP95M0PX0FQM0KLEZR6GHNIOULRZPC.PNG,MC_COOKED_CALIBRATED_V1.2,STRATTERA CAP 100 MG
323,PillProjectDisc21/images/B56E-2V-RN!SMAWQ9NC78K6TI37PBGN.JPG,MC_SPL_SPLIMAGE_V3.0,STRATTERA CAP 100 MG
324,PillProjectDisc60/images/CCZA0KOIII5WXT!-58N_IFFYBI3JK4B.CR2,C3PI_Reference,CYMBALTA 60MG CAP
325,PillProjectDisc60/images/CDN9W-VJ-CZ!WLHT!OULIL1PK5CZH45.CR2,C3PI_Reference,CYMBALTA 60MG CAP
326,PillProjectDisc103/images/TJ5MI1U!N6S1GP7MG0N3U2EBTZSQBH.JPG,C3PI_Test,CYMBALTA 60MG CAP
327,PillProjectDisc108/images/YKEALWD0-!2G-14KAL0N805KQ1RV7Q.JPG,C3PI_Test,CYMBALTA 60MG CAP
328,PillProjectDisc110/images/_RJTSXR8OM45BSKD1L1XQJ-3H1MZ3U.WMV,C3PI_Test,CYMBALTA 60MG CAP
329,PillProjectDisc11/images/88Z1RWFCHTPRMBN7FD29W-MLX68QC_.JPG,C3PI_Test,CYMBALTA 60MG CAP
330,PillProjectDisc17/images/B1U2G7K6EXGAFBG_YNTF8HXNWSYP9NN.JPG,C3PI_Test,CYMBALTA 60MG CAP
331,PillProjectDisc35/images/BIK877!1CJIKP_ARA49NMXKWSF73FTL.JPG,C3PI_Test,CYMBALTA 60MG CAP
332,PillProjectDisc46/images/BSNPY5TG-G9YSGT72VLE-CFS82I29XU.JPG,C3PI_Test,CYMBALTA 60MG CAP
333,PillProjectDisc74/images/CQ5SSHBOZ5ZSYMQFDYFDV08YFZLA4!F.JPG,C3PI_Test,CYMBALTA 60MG CAP
334,PillProjectDisc81/images/CWS_DI0_7QRILG6Z87LYD!A!64HYVDZ.JPG,C3PI_Test,CYMBALTA 60MG CAP
335,PillProjectDisc81/images/CWYG50KXFP_T1K04GMRN4KV8Z2-EY1O.JPG,C3PI_Test,CYMBALTA 60MG CAP
336,PillProjectDisc88/images/GDNT5J4KM31M7VELNHDZ8CQMMQX8HA.JPG,C3PI_Test,CYMBALTA 60MG CAP
337,PillProjectDisc89/images/GXA0EX_76J5TZ5ZJ5HGE6VXE1EQF-7.JPG,C3PI_Test,CYMBALTA 60MG CAP
338,PillProjectDisc8/images/5D2AT654_KYSRR425I7-_CH173VQ0S.JPG,C3PI_Test,CYMBALTA 60MG CAP
339,PillProjectDisc93/images/KFGUVGL7CCBXCV!XAPL0313LE8QBBP.JPG,C3PI_Test,CYMBALTA 60MG CAP
340,PillProjectDisc95/images/MQSPZK0OBGBO1AM06GVTS1TPQTWJLP.JPG,C3PI_Test,CYMBALTA 60MG CAP
341,PillProjectDisc99/images/QR169M6L!ENCB8S7!L-8PAIRQKEB8-.JPG,C3PI_Test,CYMBALTA 60MG CAP
342,PillProjectDisc30/images/BDLMI4WF9T3RBSQXM_!BQ1VEG6Y0RVC.JPG,MC_API_NLMIMAGE_V1.3,CYMBALTA 60MG CAP
343,PillProjectDisc90/images/HYGZUV0QCNC!9BEBLR3E9AXK1TX4N2.JPG,MC_API_RXNAV_V1.3,CYMBALTA 60MG CAP
344,PillProjectDisc11/images/7JQ-1G!IVQ3J-ZKL7HD05TO3QQ8II!.PNG,MC_C3PI_REFERENCE_SEG_V1.6,CYMBALTA 60MG CAP
345,PillProjectDisc21/images/B5HHFQC!7EG!ODQ4WQE0SH_AMP515K-.PNG,MC_C3PI_REFERENCE_SEG_V1.6,CYMBALTA 60MG CAP
346,PillProjectDisc23/images/B73V6!50UKP1715-1A4SZ7O5WLC!V49.PNG,MC_C3PI_REFERENCE_SEG_V1.6,CYMBALTA 60MG CAP
347,PillProjectDisc48/images/BU5KJGSN9F0HCIC!XANCINVHFBWR07Q.PNG,MC_C3PI_REFERENCE_SEG_V1.6,CYMBALTA 60MG CAP
348,PillProjectDisc5/images/2A!873-GARZJI0AT98NUZ4OISPQ-2M.PNG,MC_C3PI_REFERENCE_SEG_V1.6,CYMBALTA 60MG CAP
349,PillProjectDisc68/images/CL!QKF5GG24989E5KX3VLSNJUYFPX1T.PNG,MC_C3PI_REFERENCE_SEG_V1.6,CYMBALTA 60MG CAP
350,PillProjectDisc94/images/LMJHP6KNMJ!LE99GG7XOY6EEX1RN9B.PNG,MC_C3PI_REFERENCE_SEG_V1.6,CYMBALTA 60MG CAP
351,PillProjectDisc98/images/P5!7JGLFD6Q45_9PZGHK5PSLLPLNAB.PNG,MC_C3PI_REFERENCE_SEG_V1.6,CYMBALTA 60MG CAP
352,PillProjectDisc58/images/CBMP0-36ND13BX_VZB5HWB72BHZ7-R7.JPG,MC_CHALLENGE_V1.0,CYMBALTA 60MG CAP
353,PillProjectDisc85/images/D8WR774KY_V9_BB76XMDC19!RVFY6D.JPG,MC_CHALLENGE_V1.0,CYMBALTA 60MG CAP
354,PillProjectDisc108/images/YHA1BB38HLYYX_632_ZOI4LX0!6X-M.PNG,MC_COOKED_CALIBRATED_V1.2,CYMBALTA 60MG CAP
355,PillProjectDisc73/images/COXUIP958HJKF4R-A0B6ECKCESLHVUZ.PNG,MC_COOKED_CALIBRATED_V1.2,CYMBALTA 60MG CAP
356,PillProjectDisc75/images/CRU8!1Z39IDH1J1EE7NZJ!XI7LS9LCA.PNG,MC_COOKED_CALIBRATED_V1.2,CYMBALTA 60MG CAP
357,PillProjectDisc89/images/HE_UBHDUE6ZQXGOT62RW1H8_-5!_ET.PNG,MC_COOKED_CALIBRATED_V1.2,CYMBALTA 60MG CAP
358,PillProjectDisc92/images/JT_8HD!M-VQLF2CJ5AET97_HP0QD!A.JPG,MC_SPL_SPLIMAGE_V3.0,CYMBALTA 60MG CAP
359,PillProjectDisc106/images/X4A081MQSAXJ-EQX0VSJ4RF4DYFF94.CR2,C3PI_Reference,EVISTA
360,PillProjectDisc85/images/DPBPA-XAYSI0BP-1AIQ61DAUUU!2-E.CR2,C3PI_Reference,EVISTA
361,PillProjectDisc69/images/CLGC1JE482QMYHZGB4YL!WQE!UTVELV.JPG,MC_API_NLMIMAGE_V1.3,EVISTA
362,PillProjectDisc41/images/BNRD66!075N9NLXR0IVMHLBEFPJ50LB.JPG,MC_API_RXNAV_V1.3,EVISTA
363,PillProjectDisc107/images/XI6X_G_V6E7E544O1QZCHCQULX2C_A.PNG,MC_C3PI_REFERENCE_SEG_V1.6,EVISTA
364,PillProjectDisc24/images/B8LPU56AT7!Y42E53YHEJ0KN3GNZNNH.PNG,MC_C3PI_REFERENCE_SEG_V1.6,EVISTA
365,PillProjectDisc27/images/BAHKQ89XK9HVUOVADXQM-VQ_8OXEIK.PNG,MC_C3PI_REFERENCE_SEG_V1.6,EVISTA
366,PillProjectDisc4/images/1MM2CPNR-4EIBGWRCKDKW1-H7FX5_.PNG,MC_C3PI_REFERENCE_SEG_V1.6,EVISTA
367,PillProjectDisc61/images/CE!O18GKRVJZDMG_WPUYNWFSWW8!J_R.PNG,MC_C3PI_REFERENCE_SEG_V1.6,EVISTA
368,PillProjectDisc62/images/CFA5DAHZ86JSD91KKXT8H6ME10!J_EV.PNG,MC_C3PI_REFERENCE_SEG_V1.6,EVISTA
369,PillProjectDisc76/images/CSQWTW7_3I8KAQAG5UI7FK8MA3BRPNS.PNG,MC_C3PI_REFERENCE_SEG_V1.6,EVISTA
370,PillProjectDisc86/images/EQ7F2_IK6WQ_7M3WPKHALP21KDOAQ.PNG,MC_C3PI_REFERENCE_SEG_V1.6,EVISTA
371,PillProjectDisc108/images/Y9Z!TDFQRWFFUYK3KE56PEGMEH8H7P.PNG,MC_COOKED_CALIBRATED_V1.2,EVISTA
372,PillProjectDisc14/images/B!LIPEMP21QDBN2ZQWHP!ITV4M5R1OT.PNG,MC_COOKED_CALIBRATED_V1.2,EVISTA
373,PillProjectDisc79/images/CV-_BBZG1O1Z3_D4MZSP7AFIKJT7D1U.PNG,MC_COOKED_CALIBRATED_V1.2,EVISTA
374,PillProjectDisc81/images/CWF!VUIBR3!84I7Y-44X3LPK_-1QROM.PNG,MC_COOKED_CALIBRATED_V1.2,EVISTA
375,PillProjectDisc13/images/9UTD0W2_849H4T-847MLZVEX!L8JRT.JPG,MC_SPL_SPLIMAGE_V3.0,EVISTA
376,PillProjectDisc13/images/9V41JLVHJAS34KDW!D9R8D4BNJESPW.CR2,C3PI_Reference,CIALIS 5MG TAB
377,PillProjectDisc72/images/COIZ!MMMCBFZB4Y_6DTDZ5FMMD1D3UA.CR2,C3PI_Reference,CIALIS 5MG TAB
378,PillProjectDisc109/images/ZOYRLVRFI2HBR4ZKC_J4OZAG3CGLOU.JPG,C3PI_Test,CIALIS 5MG TAB
379,PillProjectDisc13/images/9I!HKV5HO5K2UZDRG8IK1QN9H4SN0Y.JPG,C3PI_Test,CIALIS 5MG TAB
380,PillProjectDisc15/images/B-RP!FCY4E6PQXHHXWY8QYI1Z40HYS8.JPG,C3PI_Test,CIALIS 5MG TAB
381,PillProjectDisc23/images/B7N5WQ5-48EFSS2CFK_MJK91XME7WKW.JPG,C3PI_Test,CIALIS 5MG TAB
382,PillProjectDisc28/images/BC8K8QBXRRZZAH5PB70!AY4E7NHKUIG.JPG,C3PI_Test,CIALIS 5MG TAB
383,PillProjectDisc2/images/-FMEDHZ-X1GOYCH3OL8DAPR0NFIFGC.JPG,C3PI_Test,CIALIS 5MG TAB
384,PillProjectDisc30/images/BDPZ!BKG8C0DG80ZV7G-E_FZQ3XGPE4.JPG,C3PI_Test,CIALIS 5MG TAB
385,PillProjectDisc32/images/BFBVNO6YKAEM-Z64S1-0M03!IEZBZB7.JPG,C3PI_Test,CIALIS 5MG TAB
386,PillProjectDisc53/images/BZ29-JC3UIKVY916A94J_JGWVRK3UD0.JPG,C3PI_Test,CIALIS 5MG TAB
387,PillProjectDisc71/images/CNPLTA8ZXYPUI2AIRW3NE5_7HLBX2L7.JPG,C3PI_Test,CIALIS 5MG TAB
388,PillProjectDisc77/images/CT2ORP88QBG-9RGDLTRIXWFZ1TJOHCA.JPG,C3PI_Test,CIALIS 5MG TAB
389,PillProjectDisc77/images/CTCZW99XXZXTTSB61UHI2IAIWTBH15-.WMV,C3PI_Test,CIALIS 5MG TAB
390,PillProjectDisc89/images/H3JY10VHN-VBBCYQ1GTU743QWLWDLQ.JPG,C3PI_Test,CIALIS 5MG TAB
391,PillProjectDisc91/images/J603TG3CPQQ!C!WOLONU30044ESPRT.JPG,C3PI_Test,CIALIS 5MG TAB
392,PillProjectDisc66/images/CISY7RTDMVZF7B18C_JNQETGBVJK3_F.JPG,MC_API_NLMIMAGE_V1.3,CIALIS 5MG TAB
393,PillProjectDisc43/images/BPGPQPZMU_!9EA!X-Z7DJCGUE0WV1JN.JPG,MC_API_RXNAV_V1.3,CIALIS 5MG TAB
394,PillProjectDisc18/images/B292B7U-V4CLBC3DLP!1KJA9ECATFOA.PNG,MC_C3PI_REFERENCE_SEG_V1.6,CIALIS 5MG TAB
395,PillProjectDisc40/images/BNHVIR6_HNSNTE9GVR-EYYAC9HVB4A3.PNG,MC_C3PI_REFERENCE_SEG_V1.6,CIALIS 5MG TAB
396,PillProjectDisc41/images/BO6PXE8WJY6M19SHY422SNOJ-MG7YQ0.PNG,MC_C3PI_REFERENCE_SEG_V1.6,CIALIS 5MG TAB
397,PillProjectDisc52/images/BYN1LCA70OWNA8TTVBSTGKD6XA7ANBB.PNG,MC_C3PI_REFERENCE_SEG_V1.6,CIALIS 5MG TAB
398,PillProjectDisc54/images/B_QA_PU3MYRSEWWP09-0HIUO-V16H1I.PNG,MC_C3PI_REFERENCE_SEG_V1.6,CIALIS 5MG TAB
399,PillProjectDisc75/images/CQYJ3YR1!CEOSCM8SY7PNW2581A24V8.PNG,MC_C3PI_REFERENCE_SEG_V1.6,CIALIS 5MG TAB
400,PillProjectDisc80/images/CVOHN!Z8MA3YU17!FT6EQASSOXTMK7Y.PNG,MC_C3PI_REFERENCE_SEG_V1.6,CIALIS 5MG TAB
401,PillProjectDisc99/images/Q9Y24H2GQ69C4YL0D6COUTYZ!4EBX2.PNG,MC_C3PI_REFERENCE_SEG_V1.6,CIALIS 5MG TAB
402,PillProjectDisc22/images/B685_ZRKO9IS3_UP!9UZVGXZMI8_NMY.JPG,MC_CHALLENGE_V1.0,CIALIS 5MG TAB
403,PillProjectDisc92/images/K5J5BVS_BOQKIE9YH6S9Q!Y38UC9-Y.JPG,MC_CHALLENGE_V1.0,CIALIS 5MG TAB
404,PillProjectDisc28/images/BC9XA_FK!JDEKA6YLCBY4708Q_52BA-.PNG,MC_COOKED_CALIBRATED_V1.2,CIALIS 5MG TAB
405,PillProjectDisc69/images/CLUO70O1Z4NY0_CMD-YTQUTYI0J9TFN.PNG,MC_COOKED_CALIBRATED_V1.2,CIALIS 5MG TAB
406,PillProjectDisc70/images/CMW530X_IEY16S!CELWV!0KS0O6BBZ6.PNG,MC_COOKED_CALIBRATED_V1.2,CIALIS 5MG TAB
407,PillProjectDisc84/images/CZJH9RURDC-JYME9I8Q9M6JGI!EFV02.PNG,MC_COOKED_CALIBRATED_V1.2,CIALIS 5MG TAB
408,PillProjectDisc14/images/B!ODEHMUEMK5972XJ5FMCY3QV!_Y_4S.JPG,MC_SPL_SPLIMAGE_V3.0,CIALIS 5MG TAB
409,PillProjectDisc55/images/C0SI-UHEFJ3P-OIJ1HL3WSH6DB3_FOF.CR2,C3PI_Reference,CIALIS 10MG TABLETS
410,PillProjectDisc77/images/CTH04-IELX!QYK!8M5LB_8B1XBI1LWL.CR2,C3PI_Reference,CIALIS 10MG TABLETS
411,PillProjectDisc104/images/UHAFIX64WT31O8A-7TLA6_0L8FGFBV.JPG,C3PI_Test,CIALIS 10MG TABLETS
412,PillProjectDisc12/images/8UGJUTL30Y7B33MZ2ZCKJE9CYPGHLM.JPG,C3PI_Test,CIALIS 10MG TABLETS
413,PillProjectDisc18/images/B264HDHY!UT-4_NUGXXJPNVOO2Y83YI.JPG,C3PI_Test,CIALIS 10MG TABLETS
414,PillProjectDisc29/images/BD24241N42TO3UZMPE1XNTB1G85I146.JPG,C3PI_Test,CIALIS 10MG TABLETS
415,PillProjectDisc48/images/BU5DSUG_5XQ2K0TGJPC388JN841DZDP.JPG,C3PI_Test,CIALIS 10MG TABLETS
416,PillProjectDisc55/images/C0QL9!YCAC37MMTE2SCZN313-EKQFMD.JPG,C3PI_Test,CIALIS 10MG TABLETS
417,PillProjectDisc70/images/CM4PDTDDSOB_MUC49S1_ZAN20ZDWXJS.JPG,C3PI_Test,CIALIS 10MG TABLETS
418,PillProjectDisc76/images/CSF4A6F4FWHR484RSUVMOSB7ZTF8726.JPG,C3PI_Test,CIALIS 10MG TABLETS
419,PillProjectDisc78/images/CU2630CTBW9BKIV0IFFA40V4Z_OP6CK.WMV,C3PI_Test,CIALIS 10MG TABLETS
420,PillProjectDisc87/images/FBY3ZV23ZD074VY!VZ4XJA2IOUIR59.JPG,C3PI_Test,CIALIS 10MG TABLETS
421,PillProjectDisc87/images/F-N0C334NW6GV38!S5YE1CMCHK4XLQ.JPG,C3PI_Test,CIALIS 10MG TABLETS
422,PillProjectDisc91/images/IO4DDLMLATF4JWGY24A7ZK-0J2XF9H.JPG,C3PI_Test,CIALIS 10MG TABLETS
423,PillProjectDisc77/images/CT84YCNCDSPKCIKX3YT4_99AGXWBF_3.JPG,MC_API_NLMIMAGE_V1.3,CIALIS 10MG TABLETS
424,PillProjectDisc101/images/SKOBUYFVIMTDU5FTDSBHCC47-M6E9X.JPG,MC_API_RXNAV_V1.3,CIALIS 10MG TABLETS
425,PillProjectDisc103/images/TT8C4VRCJPC1RQ854R223YLAVVIPSH.PNG,MC_C3PI_REFERENCE_SEG_V1.6,CIALIS 10MG TABLETS
426,PillProjectDisc109/images/ZD5JMYP!3A59V0HA!!NUC!D9I01TDX.PNG,MC_C3PI_REFERENCE_SEG_V1.6,CIALIS 10MG TABLETS
427,PillProjectDisc14/images/B!ZV4YDVU-YOQ-9BKTRGFC34ZY8ZULI.PNG,MC_C3PI_REFERENCE_SEG_V1.6,CIALIS 10MG TABLETS
428,PillProjectDisc26/images/B9SH2WSMN8ANDDT3EV-V9AC4-SU4TGC.PNG,MC_C3PI_REFERENCE_SEG_V1.6,CIALIS 10MG TABLETS
429,PillProjectDisc37/images/BK!X7JTTBT73XOB-AFP-PG_525!B4A8.PNG,MC_C3PI_REFERENCE_SEG_V1.6,CIALIS 10MG TABLETS
430,PillProjectDisc38/images/BLFUDHQVV01I-Y39MR70MTLWP5YBNM1.PNG,MC_C3PI_REFERENCE_SEG_V1.6,CIALIS 10MG TABLETS
431,PillProjectDisc49/images/BVG_KT-3UJAO!HFO-65L__PU5A83H4P.PNG,MC_C3PI_REFERENCE_SEG_V1.6,CIALIS 10MG TABLETS
432,PillProjectDisc61/images/CEABQS2B96TAV6HOMQ3FBVACGP-DDMC.PNG,MC_C3PI_REFERENCE_SEG_V1.6,CIALIS 10MG TABLETS
433,PillProjectDisc22/images/B5WPSDOK_REQG!7AYY6Y5JEOW6-XH6R.JPG,MC_CHALLENGE_V1.0,CIALIS 10MG TABLETS
434,PillProjectDisc89/images/H9JU86IBG9QFK6RA6H!GCA6NST!0IO.JPG,MC_CHALLENGE_V1.0,CIALIS 10MG TABLETS
435,PillProjectDisc107/images/X56!XZOHJJU6U6__PQG1Z8S6Z38G3U.PNG,MC_COOKED_CALIBRATED_V1.2,CIALIS 10MG TABLETS
436,PillProjectDisc31/images/BEJFV6EGKBE-7F0F!EY8SRQUF_13TV1.PNG,MC_COOKED_CALIBRATED_V1.2,CIALIS 10MG TABLETS
437,PillProjectDisc86/images/DY32Q_BSLBJ6X7G2GA1LB6_XGWIL!6.PNG,MC_COOKED_CALIBRATED_V1.2,CIALIS 10MG TABLETS
438,PillProjectDisc88/images/G1ARLAELN!BTC9MD682Y1MK!DQLPT2.PNG,MC_COOKED_CALIBRATED_V1.2,CIALIS 10MG TABLETS
439,PillProjectDisc43/images/BPQ3HB_1!93X_WKVKC8RBHX4U8JUL.JPG,MC_SPL_SPLIMAGE_V3.0,CIALIS 10MG TABLETS
440,PillProjectDisc20/images/B4-8BJO4R3!QD5KUG-O3DYI9!N!5A9B.CR2,C3PI_Reference,CIALIS 20MG TABLETS
441,PillProjectDisc47/images/BTBAAMTU06QX9!WPER1FXR9_5_9!HT7.CR2,C3PI_Reference,CIALIS 20MG TABLETS
442,PillProjectDisc101/images/S2RRH!NBIA4P7!T8L2CO9I!MI7LR_U.JPG,C3PI_Test,CIALIS 20MG TABLETS
443,PillProjectDisc103/images/TT-CKRPMEJWI!SOGYP7ZX7DT!EIV_3.JPG,C3PI_Test,CIALIS 20MG TABLETS
444,PillProjectDisc107/images/XO4-MT8HF3Y6X3HN-4-L1Y2T_TVL2I.JPG,C3PI_Test,CIALIS 20MG TABLETS
445,PillProjectDisc1/images/!B6JQJM!EHDU8GLMB4VNUXZNVGEM8W.JPG,C3PI_Test,CIALIS 20MG TABLETS
446,PillProjectDisc35/images/BI3HUFHMYF3!N!IS69FIXX!PCV_CHR7.WMV,C3PI_Test,CIALIS 20MG TABLETS
447,PillProjectDisc3/images/041PRR4D5H-!53S2L46MYF671I9POT.JPG,C3PI_Test,CIALIS 20MG TABLETS
448,PillProjectDisc45/images/BRZIK60UQJA7NZ1QLI5JW4BL-JSD2TG.JPG,C3PI_Test,CIALIS 20MG TABLETS
449,PillProjectDisc49/images/BVP3E67VD8RLAKYIUN660ZTPIDTLQ7H.JPG,C3PI_Test,CIALIS 20MG TABLETS
450,PillProjectDisc62/images/CFFGE97URHD5FJ0VHCLY-S8T6N6YER2.JPG,C3PI_Test,CIALIS 20MG TABLETS
451,PillProjectDisc6/images/3J4JUYZ10MUYGZ5J3L28PC7JP1Z0XC.JPG,C3PI_Test,CIALIS 20MG TABLETS
452,PillProjectDisc88/images/GH1RMIU27LB0I3E7V8O8JL_5KVJF86.JPG,C3PI_Test,CIALIS 20MG TABLETS
453,PillProjectDisc99/images/QS45PV2HNQ7DXH270XBR6HV_L6CSEA.JPG,C3PI_Test,CIALIS 20MG TABLETS
454,PillProjectDisc16/images/B0K9TWX9-CYQHV7B-KL2HJ0WYFWXPJS.JPG,MC_API_NLMIMAGE_V1.3,CIALIS 20MG TABLETS
455,PillProjectDisc3/images/0G9MY!GJUZ2W8SALKPY!S8YFGVSXE2.JPG,MC_API_RXNAV_V1.3,CIALIS 20MG TABLETS
456,PillProjectDisc19/images/B3O4YNFUD!FOE9RVK1FO0QZ6T5-BKXB.PNG,MC_C3PI_REFERENCE_SEG_V1.6,CIALIS 20MG TABLETS
457,PillProjectDisc1/images/!U1GP22P-LIT!A1HFOVJDYQSI910EO.PNG,MC_C3PI_REFERENCE_SEG_V1.6,CIALIS 20MG TABLETS
458,PillProjectDisc25/images/B9ATB8XQF1K0XXW5ZD3SW-03WGJFE!3.PNG,MC_C3PI_REFERENCE_SEG_V1.6,CIALIS 20MG TABLETS
459,PillProjectDisc30/images/BDSONCJRXAJMHVEZ4ETVTZJF1YORZET.PNG,MC_C3PI_REFERENCE_SEG_V1.6,CIALIS 20MG TABLETS
460,PillProjectDisc69/images/CL64KAP58KQIYORNCAWW88LUKVAY7OF.PNG,MC_C3PI_REFERENCE_SEG_V1.6,CIALIS 20MG TABLETS
461,PillProjectDisc74/images/CQWJ30KRDMTZLFW9VQO2HZD76Y-BUSW.PNG,MC_C3PI_REFERENCE_SEG_V1.6,CIALIS 20MG TABLETS
462,PillProjectDisc86/images/EQGRQO_98UYXLBAIOS-23-C2Y8K9F9.PNG,MC_C3PI_REFERENCE_SEG_V1.6,CIALIS 20MG TABLETS
463,PillProjectDisc99/images/QGDSQDEATTZAPA9SB!NEYUG!YS-4AL.PNG,MC_C3PI_REFERENCE_SEG_V1.6,CIALIS 20MG TABLETS
464,PillProjectDisc101/images/SKRA6_1EEVU852JDHOP!S1YW_ML_YT.JPG,MC_CHALLENGE_V1.0,CIALIS 20MG TABLETS
465,PillProjectDisc39/images/BMCSIU_NGORR1IZ155-2NAUCQQCKW8-.JPG,MC_CHALLENGE_V1.0,CIALIS 20MG TABLETS
466,PillProjectDisc2/images/-4XZ3ZUBCAVQ0QEFOK49HR_EMLLURO.PNG,MC_COOKED_CALIBRATED_V1.2,CIALIS 20MG TABLETS
467,PillProjectDisc41/images/BOH0F5UJ9IUXPOP-_2CX2DGP7CAYP9.PNG,MC_COOKED_CALIBRATED_V1.2,CIALIS 20MG TABLETS
468,PillProjectDisc61/images/CDRI_TK3-HX9JM-84LVT6PUWCT2LIT-.PNG,MC_COOKED_CALIBRATED_V1.2,CIALIS 20MG TABLETS
469,PillProjectDisc82/images/CXPJIL2U86XKPXO-OFRLPDF41PRLS!2.PNG,MC_COOKED_CALIBRATED_V1.2,CIALIS 20MG TABLETS
470,PillProjectDisc21/images/B5SX463QN8E!Y59R0Z76JDT-OX38VBG.JPG,MC_SPL_SPLIMAGE_V3.0,CIALIS 20MG TABLETS
471,PillProjectDisc109/images/Z_WZERU2NX4TTJS2W6LOA3_V-KDTBH.CR2,C3PI_Reference,LIVALO 1MG TAB
472,PillProjectDisc71/images/CN2NCSH2S!9WCCWMB3EBXUHF_C_LL6V.CR2,C3PI_Reference,LIVALO 1MG TAB
473,PillProjectDisc104/images/V2117CA3-G_TH1RTY8OKFWGR41O-L8.JPG,C3PI_Test,LIVALO 1MG TAB
474,PillProjectDisc105/images/VTLD8VDLIXPLZBVQ7FGE!OCQBAV5IE.JPG,C3PI_Test,LIVALO 1MG TAB
475,PillProjectDisc13/images/9M69QEAT5I5S1IOE1LR0T_8GW3VL9F.JPG,C3PI_Test,LIVALO 1MG TAB
476,PillProjectDisc23/images/B77GBO6WNTVWHM-R9DFAJ9EY2G-QZI3.JPG,C3PI_Test,LIVALO 1MG TAB
477,PillProjectDisc24/images/B8911-KD!9-F2GW2QO6UAJEWTXVQM5R.JPG,C3PI_Test,LIVALO 1MG TAB
478,PillProjectDisc26/images/BABZWX7NURG900JS8LFW0TLV5I_3_6X.JPG,C3PI_Test,LIVALO 1MG TAB
479,PillProjectDisc44/images/BQP-8P04ENBA8MUM6OIUV29LIDUBJSI.JPG,C3PI_Test,LIVALO 1MG TAB
480,PillProjectDisc51/images/BXO7D53I7!0!QS42248I7BTT6E!TQ-S.JPG,C3PI_Test,LIVALO 1MG TAB
481,PillProjectDisc69/images/CLYR8GHBYJ-YHHXFXSQ-JT8ESUA5HGJ.JPG,C3PI_Test,LIVALO 1MG TAB
482,PillProjectDisc73/images/CPMCI6MSHWHAI7U4COWK90_WCABGH1P.WMV,C3PI_Test,LIVALO 1MG TAB
483,PillProjectDisc80/images/CVWIOHO90_6DLX3_-GHZ7HPI-TQVCZ1.JPG,C3PI_Test,LIVALO 1MG TAB
484,PillProjectDisc88/images/G!S9ZRYACQOT8TCT0S6RCAQAXWMOSH.JPG,C3PI_Test,LIVALO 1MG TAB
485,PillProjectDisc93/images/KC2HKL9A8YQOIC8C_0F3IDIKC_T!!C.JPG,C3PI_Test,LIVALO 1MG TAB
486,PillProjectDisc99/images/PZX19B9QPG5X7C6_RKTVE69M7Z-IQE.JPG,C3PI_Test,LIVALO 1MG TAB
487,PillProjectDisc108/images/YMKOULZC5-20T7L7SS7TDNFCXISC-Y.JPG,MC_API_NLMIMAGE_V1.3,LIVALO 1MG TAB
488,PillProjectDisc99/images/Q39C6GTCLLYUR6WLUEQZL0XFFYG86-.JPG,MC_API_RXNAV_V1.3,LIVALO 1MG TAB
489,PillProjectDisc104/images/UXYLW-QPV6S_O9R6MS1JQ_44G9A3KM.PNG,MC_C3PI_REFERENCE_SEG_V1.6,LIVALO 1MG TAB
490,PillProjectDisc38/images/BL!B0T__MZE1_HC7XY_Q31BDI3ALVVN.PNG,MC_C3PI_REFERENCE_SEG_V1.6,LIVALO 1MG TAB
491,PillProjectDisc54/images/B_XEFUW-6KCQF7OV4BK!DIJI4WM0DA7.PNG,MC_C3PI_REFERENCE_SEG_V1.6,LIVALO 1MG TAB
492,PillProjectDisc5/images/1XU4AN8K4_!O-TSTN_6S_-V2Q-4CME.PNG,MC_C3PI_REFERENCE_SEG_V1.6,LIVALO 1MG TAB
493,PillProjectDisc61/images/CDZ1724CTBK6TWO0EEEB_-F4_9Z4DYH.PNG,MC_C3PI_REFERENCE_SEG_V1.6,LIVALO 1MG TAB
494,PillProjectDisc86/images/EPHFQCFEB2Y7B4!AT7Y8M50IYO27DA.PNG,MC_C3PI_REFERENCE_SEG_V1.6,LIVALO 1MG TAB
495,PillProjectDisc8/images/4LW-4579H58YIRFN33AW1OPUZRAEFV.PNG,MC_C3PI_REFERENCE_SEG_V1.6,LIVALO 1MG TAB
496,PillProjectDisc99/images/QQELDXKD3!T74HO8KEQVRVL-GYLUS6.PNG,MC_C3PI_REFERENCE_SEG_V1.6,LIVALO 1MG TAB
497,PillProjectDisc41/images/BNN1PNTL5CGM93SRP81-6P3Q49WVAV7.JPG,MC_CHALLENGE_V1.0,LIVALO 1MG TAB
498,PillProjectDisc69/images/CLAHXF6C5QNBLCPLSX4UKSW2WEHQ_S3.JPG,MC_CHALLENGE_V1.0,LIVALO 1MG TAB
499,PillProjectDisc107/images/XXAQTPT1T1P4S79D5REYU67KIWUVC5.PNG,MC_COOKED_CALIBRATED_V1.2,LIVALO 1MG TAB
500,PillProjectDisc18/images/B22F4HB45L9JZN0C6H5EJFSWVJTMBDN.PNG,MC_COOKED_CALIBRATED_V1.2,LIVALO 1MG TAB
501,PillProjectDisc22/images/B6LDCM27-X_1988XCW5JGF!9GJEJGFI.PNG,MC_COOKED_CALIBRATED_V1.2,LIVALO 1MG TAB
502,PillProjectDisc32/images/BFAVL_8I4V93WLNXPH-5MQYL_GDG17E.PNG,MC_COOKED_CALIBRATED_V1.2,LIVALO 1MG TAB
503,PillProjectDisc92/images/JQRT8KPEY_XR7S046_Z8IRFB52HZDK.JPG,MC_SPL_SPLIMAGE_V3.0,LIVALO 1MG TAB
504,PillProjectDisc48/images/BU9C4EEVBMUROOFNBNL7SV0TIQ5PNSR.CR2,C3PI_Reference,LIVALO 2MG TAB
505,PillProjectDisc63/images/CG3N7WWMDZA9U0CVVHRP9D_K12K2CYJ.CR2,C3PI_Reference,LIVALO 2MG TAB
506,PillProjectDisc108/images/YMG08N6!9ULN_L!6L9QPS157B_TSG-.JPG,C3PI_Test,LIVALO 2MG TAB
507,PillProjectDisc10/images/72ORUE3I_AEBLSAEVXRV1-DN!GHW3X.JPG,C3PI_Test,LIVALO 2MG TAB
508,PillProjectDisc28/images/BC-8XZE2YFYBOWHZ4CSWJFU6_TW8FVI.JPG,C3PI_Test,LIVALO 2MG TAB
509,PillProjectDisc51/images/BXH!!Q69Q!WHAUY!!7_Y!N3WOO1I2BD.JPG,C3PI_Test,LIVALO 2MG TAB
510,PillProjectDisc58/images/CBOFL-ZXS3MPZZNGQIH6-UUQU-Z60M7.JPG,C3PI_Test,LIVALO 2MG TAB
511,PillProjectDisc63/images/CG00L07RY5GSLGW!_Z30FMAZHS8WXHJ.WMV,C3PI_Test,LIVALO 2MG TAB
512,PillProjectDisc71/images/CN6HU7NOMJWM4D515-USOZ9KIZ-E!O3.JPG,C3PI_Test,LIVALO 2MG TAB
513,PillProjectDisc81/images/CWVZEOAH6Z!KM57A2GD117A6KTZOKZW.JPG,C3PI_Test,LIVALO 2MG TAB
514,PillProjectDisc82/images/CXR1WIDCYVV2T_KBKIX8-SFLMJBTW0B.JPG,C3PI_Test,LIVALO 2MG TAB
515,PillProjectDisc87/images/F-I1!3_C8V7CTD!1QZ62E5RRKUGTJ1.JPG,C3PI_Test,LIVALO 2MG TAB
516,PillProjectDisc88/images/FQUB_7PH76TNG35XLTMLSG8XK65T_W.JPG,C3PI_Test,LIVALO 2MG TAB
517,PillProjectDisc90/images/HXBGST0B2J-37YN9FMMXN_-CNYVET4.JPG,C3PI_Test,LIVALO 2MG TAB
518,PillProjectDisc94/images/L9HIHOPZM9ARWFXIBNMXM7_!XY7JHL.JPG,C3PI_Test,LIVALO 2MG TAB
519,PillProjectDisc99/images/QDAH1PO-F5SHOU!2CK7DBH6OATIYVT.JPG,C3PI_Test,LIVALO 2MG TAB
520,PillProjectDisc30/images/BE!RO2UDIWUGUK!G733MERA1O_3V6_2.JPG,MC_API_NLMIMAGE_V1.3,LIVALO 2MG TAB
521,PillProjectDisc30/images/BDN9WLS!3QURPE_6TO07_EG!VW9-LFB.JPG,MC_API_RXNAV_V1.3,LIVALO 2MG TAB
522,PillProjectDisc40/images/BM_Q48O0-C!YVB-A1H5PSX5YCL-5P3H.PNG,MC_C3PI_REFERENCE_SEG_V1.6,LIVALO 2MG TAB
523,PillProjectDisc41/images/BNLM_X13OB3A1ZIUEIO3L84JY1VVWXS.PNG,MC_C3PI_REFERENCE_SEG_V1.6,LIVALO 2MG TAB
524,PillProjectDisc56/images/C1BX_9VGB97!!DQQ!063Y2-0RR8-FKX.PNG,MC_C3PI_REFERENCE_SEG_V1.6,LIVALO 2MG TAB
525,PillProjectDisc58/images/CBD-M5JPL-HZC6CN5SW69O427AV6VW8.PNG,MC_C3PI_REFERENCE_SEG_V1.6,LIVALO 2MG TAB
526,PillProjectDisc64/images/CH8FJ2SO9C_D_M17P1MG4JMT1QKIH4G.PNG,MC_C3PI_REFERENCE_SEG_V1.6,LIVALO 2MG TAB
527,PillProjectDisc7/images/4!AWK-S3PMFK6T2XDY_CT7!73Z8B_6.PNG,MC_C3PI_REFERENCE_SEG_V1.6,LIVALO 2MG TAB
528,PillProjectDisc86/images/EA9_6NGLS2K9MZT36A6VL42_8203RW.PNG,MC_C3PI_REFERENCE_SEG_V1.6,LIVALO 2MG TAB
529,PillProjectDisc89/images/GX24!6N4EWW763A2ZMPHTI8H659CPY.PNG,MC_C3PI_REFERENCE_SEG_V1.6,LIVALO 2MG TAB
530,PillProjectDisc26/images/B9Y4X5HB9VJ3PMX84VH7AUU0Z_9IKET.JPG,MC_CHALLENGE_V1.0,LIVALO 2MG TAB
531,PillProjectDisc56/images/C1REFD668-ZG3GNGN6P3TPR64T8!022.JPG,MC_CHALLENGE_V1.0,LIVALO 2MG TAB
532,PillProjectDisc83/images/CY1MGI5L58403OCLM6HTH7N6-7X7MOV.PNG,MC_COOKED_CALIBRATED_V1.2,LIVALO 2MG TAB
533,PillProjectDisc88/images/GHRCW8PDG6NYFT6UV9-WGKFKK8G4WR.PNG,MC_COOKED_CALIBRATED_V1.2,LIVALO 2MG TAB
534,PillProjectDisc90/images/HQ5TD0I99N!16F-VFJF-TR_F-GQ722.PNG,MC_COOKED_CALIBRATED_V1.2,LIVALO 2MG TAB
535,PillProjectDisc92/images/K6FTH0A-0K0Y2XE3SDFZZ8FXKCSP_9.PNG,MC_COOKED_CALIBRATED_V1.2,LIVALO 2MG TAB
536,PillProjectDisc108/images/Y8UZR2HK7ZJ_RGZ__JI0IID-BH!N_.JPG,MC_SPL_SPLIMAGE_V3.0,LIVALO 2MG TAB
537,PillProjectDisc22/images/B5XWF0XZBD1ZSLZ86KLD7ISEIQOIZ8B.CR2,C3PI_Reference,LIVALO 4MG TAB
538,PillProjectDisc61/images/CE9-A2MPDUUV8FOGS6TIPEBLC-!9Z0A.CR2,C3PI_Reference,LIVALO 4MG TAB
539,PillProjectDisc105/images/VL7UEU-I3_5HN3BEK25MZ2C7Y_S8A8.JPG,C3PI_Test,LIVALO 4MG TAB
540,PillProjectDisc10/images/6NCGT3VDQMC5Z9GMZ!SUTFJE2GUFG1.JPG,C3PI_Test,LIVALO 4MG TAB
541,PillProjectDisc10/images/6XGIZRXVG6FH1JYTS00ZN5DXL!GDJZ.JPG,C3PI_Test,LIVALO 4MG TAB
542,PillProjectDisc15/images/B-54NQC3OMZ5_-UKUSOR7GGY012V_CA.JPG,C3PI_Test,LIVALO 4MG TAB
543,PillProjectDisc18/images/B2PFDI75Y6RZVW0GI1OKF5D32M26M4P.JPG,C3PI_Test,LIVALO 4MG TAB
544,PillProjectDisc1/images/!QQ89UHX7LV2EF6NLLU4-4ITQY5QVW.JPG,C3PI_Test,LIVALO 4MG TAB
545,PillProjectDisc20/images/B4LIL!9ZS-COGW1M0188VSIBMLFOUCG.JPG,C3PI_Test,LIVALO 4MG TAB
546,PillProjectDisc23/images/B77VJV!YUTIY7-KWTWJGZZNJ!ZG3WLB.JPG,C3PI_Test,LIVALO 4MG TAB
547,PillProjectDisc31/images/BEDGMXZN_0M6E0USS-4TEK587NTCSUQ.WMV,C3PI_Test,LIVALO 4MG TAB
548,PillProjectDisc43/images/BPMNGY6P4!W756EHGJYFSCR7T1ESE2.JPG,C3PI_Test,LIVALO 4MG TAB
549,PillProjectDisc49/images/BV4IO2S37!0SFSMVHAPUZB52SYXKW7E.JPG,C3PI_Test,LIVALO 4MG TAB
550,PillProjectDisc72/images/COJNABOSJ81S-LGAJFBFF1I0JXCOLFR.JPG,C3PI_Test,LIVALO 4MG TAB
551,PillProjectDisc87/images/FD-3G1A8PVIL78Z6GG01WZHVWVN9WE.JPG,C3PI_Test,LIVALO 4MG TAB
552,PillProjectDisc95/images/MQU!NF!-YHLS_0XLKFK23N_4RDLAIX.JPG,C3PI_Test,LIVALO 4MG TAB
553,PillProjectDisc82/images/CX_9!HGXFX9RW!LAZ!G1MMESO!1ZXOM.JPG,MC_API_NLMIMAGE_V1.3,LIVALO 4MG TAB
554,PillProjectDisc20/images/B4KT3D5-_HPD4SAEC1_CRL6L9YEMB-J.JPG,MC_API_RXNAV_V1.3,LIVALO 4MG TAB
555,PillProjectDisc106/images/WTSY60E2WBOGSS72YSZQ-DVUZJ9UPN.PNG,MC_C3PI_REFERENCE_SEG_V1.6,LIVALO 4MG TAB
556,PillProjectDisc107/images/XPVT-DCQHU4WTWAOHO2WEW9RH7_JR5.PNG,MC_C3PI_REFERENCE_SEG_V1.6,LIVALO 4MG TAB
557,PillProjectDisc12/images/8HCOEBJEBXH5-J1E-OW-S03P6R6MMZ.PNG,MC_C3PI_REFERENCE_SEG_V1.6,LIVALO 4MG TAB
558,PillProjectDisc16/images/B0KWCLMOJPNM00H7G81W75CKW7N_K16.PNG,MC_C3PI_REFERENCE_SEG_V1.6,LIVALO 4MG TAB
559,PillProjectDisc23/images/B7GSW8IF3S4FBZQA5MC5UW06!6AF1!-.PNG,MC_C3PI_REFERENCE_SEG_V1.6,LIVALO 4MG TAB
560,PillProjectDisc40/images/BN!1Q21U24R5DH2BARB31CWISU1553M.PNG,MC_C3PI_REFERENCE_SEG_V1.6,LIVALO 4MG TAB
561,PillProjectDisc54/images/B_BJV-IP_3W!MAQRQ--26F8SEN48E_3.PNG,MC_C3PI_REFERENCE_SEG_V1.6,LIVALO 4MG TAB
562,PillProjectDisc71/images/CNTYCGN4PKKFTUYPM!747_1OX7PDKS_.PNG,MC_C3PI_REFERENCE_SEG_V1.6,LIVALO 4MG TAB
563,PillProjectDisc14/images/B!W-2P_Q!W76D5QUZ6HTFMNC75!L64P.JPG,MC_CHALLENGE_V1.0,LIVALO 4MG TAB
564,PillProjectDisc44/images/BQ_G0ISD60NXZ_KMSXHL2LZCXF-J0VP.JPG,MC_CHALLENGE_V1.0,LIVALO 4MG TAB
565,PillProjectDisc64/images/CH90SW_O5BJJGK!KSYWYO_5B5DOEU!1.PNG,MC_COOKED_CALIBRATED_V1.2,LIVALO 4MG TAB
566,PillProjectDisc64/images/CH9W5Y959DOIWKHFPY5I9Z39CO_AP5E.PNG,MC_COOKED_CALIBRATED_V1.2,LIVALO 4MG TAB
567,PillProjectDisc73/images/CP!IBBA3ZAN5TT!4MNEQ_KTWHD1G5RB.PNG,MC_COOKED_CALIBRATED_V1.2,LIVALO 4MG TAB
568,PillProjectDisc8/images/5DTU-YNIR5LMVAX!-8X0F8YZMU1Y6!.PNG,MC_COOKED_CALIBRATED_V1.2,LIVALO 4MG TAB
569,PillProjectDisc110/images/_V2AGXE_BZDHQIX!L4!WFXYY51UGZE.JPG,MC_SPL_SPLIMAGE_V3.0,LIVALO 4MG TAB
570,PillProjectDisc51/images/BXG0HTN0!09SUA5S7N4YVEJVFWGO0!N.CR2,C3PI_Reference,EFFIENT Tablets
571,PillProjectDisc61/images/CEE1X77HI71YI525I7CQLHD3TZ8M7GW.CR2,C3PI_Reference,EFFIENT Tablets
572,PillProjectDisc48/images/BUP-WPMPUGIHHLAVZ16BO828!0DXDOK.JPG,MC_API_NLMIMAGE_V1.3,EFFIENT Tablets
573,PillProjectDisc17/images/B1GE2Z803Z-GDLZFHLT2YXM433RQWK6.JPG,MC_API_RXNAV_V1.3,EFFIENT Tablets
574,PillProjectDisc103/images/U82D3R61-UXFFDR01-_NUVBE270ZUT.PNG,MC_C3PI_REFERENCE_SEG_V1.6,EFFIENT Tablets
575,PillProjectDisc104/images/UJL8WFB2T0N--PNNC5SD0QWW0CIAMA.PNG,MC_C3PI_REFERENCE_SEG_V1.6,EFFIENT Tablets
576,PillProjectDisc50/images/BW59MPIS!TQWZHFVX7HK-FJEFGJS6NC.PNG,MC_C3PI_REFERENCE_SEG_V1.6,EFFIENT Tablets
577,PillProjectDisc58/images/CAYD12Q1L-YCLLH-UH6C!5LYXYUWE4V.PNG,MC_C3PI_REFERENCE_SEG_V1.6,EFFIENT Tablets
578,PillProjectDisc81/images/CWOQ-BZPIYZSHBQ74-XTDDCSGZ6W1TI.PNG,MC_C3PI_REFERENCE_SEG_V1.6,EFFIENT Tablets
579,PillProjectDisc89/images/H26CJH_X6QIMSNKCJUH3XXATV8RE6S.PNG,MC_C3PI_REFERENCE_SEG_V1.6,EFFIENT Tablets
580,PillProjectDisc95/images/MX!K5RSK_CWF-P8CGGOZ1T9E8WNRIQ.PNG,MC_C3PI_REFERENCE_SEG_V1.6,EFFIENT Tablets
581,PillProjectDisc99/images/QEQ67QMFZ8K1KMLLIEHEV7YG8ZK1G8.PNG,MC_C3PI_REFERENCE_SEG_V1.6,EFFIENT Tablets
582,PillProjectDisc17/images/B1NAW921ZEAS93JPKVFPB!ZLPSUWSQ8.PNG,MC_COOKED_CALIBRATED_V1.2,EFFIENT Tablets
583,PillProjectDisc71/images/CNWJE32S1_9QVH01N_8UQZHJMCO!TN2.PNG,MC_COOKED_CALIBRATED_V1.2,EFFIENT Tablets
584,PillProjectDisc8/images/4Y_A2IV-QNL5TY-EOI69Z17J402J8T.PNG,MC_COOKED_CALIBRATED_V1.2,EFFIENT Tablets
585,PillProjectDisc90/images/I2A9VGC9OJCPWJ9U_II1X5VT1!E0O.PNG,MC_COOKED_CALIBRATED_V1.2,EFFIENT Tablets
586,PillProjectDisc88/images/FYKTQ3X-GR4!-BK6GO-6YUDEXPZKYZ.JPG,MC_SPL_SPLIMAGE_V3.0,EFFIENT Tablets
587,PillProjectDisc98/images/P5G9POPSLDYZQGS6W7GBT757D75XH5.CR2,C3PI_Reference,ELIQUIS Tablets
588,PillProjectDisc9/images/6B6SWQW-8_5GY9_E_83R-I7!P9K10N.CR2,C3PI_Reference,ELIQUIS Tablets
589,PillProjectDisc22/images/B5Z6HV2ZS31GXL3VAOZYVJEM0FRHK63.JPG,MC_API_NLMIMAGE_V1.3,ELIQUIS Tablets
590,PillProjectDisc20/images/B47XEKQJB3-!_CVYCQHMPUCI!B7_QNK.JPG,MC_API_RXNAV_V1.3,ELIQUIS Tablets
591,PillProjectDisc100/images/QWVE6HHYAMZ4ZA--I515WRTKBOFQ!L.PNG,MC_C3PI_REFERENCE_SEG_V1.6,ELIQUIS Tablets
592,PillProjectDisc36/images/BJU!MRJX519!KDEPT77KNVQ7UUP8CQM.PNG,MC_C3PI_REFERENCE_SEG_V1.6,ELIQUIS Tablets
593,PillProjectDisc3/images/075QMW84XUYHK53OIVFO3U62P!L_3R.PNG,MC_C3PI_REFERENCE_SEG_V1.6,ELIQUIS Tablets
594,PillProjectDisc47/images/BTNMFY_YFD95F5R!QHJPVFR5DY_MG95.PNG,MC_C3PI_REFERENCE_SEG_V1.6,ELIQUIS Tablets
595,PillProjectDisc57/images/CAA6ANH6JY55V2_RJUPZO3LODW!QMXE.PNG,MC_C3PI_REFERENCE_SEG_V1.6,ELIQUIS Tablets
596,PillProjectDisc61/images/CE0P31-9L_R-CT1RVZWJX78Y1T9XBG4.PNG,MC_C3PI_REFERENCE_SEG_V1.6,ELIQUIS Tablets
597,PillProjectDisc82/images/CXQ5LLMBB7RV9EVXGVGRHVVZ0C1LZAZ.PNG,MC_C3PI_REFERENCE_SEG_V1.6,ELIQUIS Tablets
598,PillProjectDisc8/images/5-0BE7EDIZ7Q34WAZK_RPVO09SSFVM.PNG,MC_C3PI_REFERENCE_SEG_V1.6,ELIQUIS Tablets
599,PillProjectDisc8/images/4_SBC4D8QUF26Q0JI0FAGCUUGNHS0F.PNG,MC_COOKED_CALIBRATED_V1.2,ELIQUIS Tablets
600,PillProjectDisc95/images/M7NQY28BHXG_PS8A3MR38XQB7WRAK!.PNG,MC_COOKED_CALIBRATED_V1.2,ELIQUIS Tablets
601,PillProjectDisc98/images/P2VA5S7XFNILUF20TD_8351D1CEE1D.PNG,MC_COOKED_CALIBRATED_V1.2,ELIQUIS Tablets
602,PillProjectDisc98/images/PDZXSK-MI70OCTH3D6MU5KA2BTBAPX.PNG,MC_COOKED_CALIBRATED_V1.2,ELIQUIS Tablets
603,PillProjectDisc41/images/BO4BH8HQI9XXF534Z_-C0MM-_QE1TB!.JPG,MC_SPL_SPLIMAGE_V3.0,ELIQUIS Tablets
604,PillProjectDisc52/images/BYP7YH143333-M1BM2AI_3Q_-JO68H4.CR2,C3PI_Reference,ELIQUIS Tablets
605,PillProjectDisc94/images/L8-UJLHL6F9KGY6WL0K3OGFGX6YL5T.CR2,C3PI_Reference,ELIQUIS Tablets
606,PillProjectDisc67/images/CJVOH-M-EG1MRT_PSTXA57NVZQD3PAA.JPG,MC_API_NLMIMAGE_V1.3,ELIQUIS Tablets
607,PillProjectDisc107/images/XQ!1MVZMSGUJJPZLZC-56WTX_DJBK1.JPG,MC_API_RXNAV_V1.3,ELIQUIS Tablets
133773,PillProjectDisc23/images/B7P0-2BHT7T88IHB4E1EEQ_M93OW8RO.JPG,MC_SPL_SPLIMAGE_V3.0,SOLODYN 105 MG TAB
